day,condition,event,stimulus,N,S,R,C,E,A,GRACE,zone,profile,daily_story,values,emotion,risk_notes,recommended_stimulus_llm
1,Baseline,Anak menelepon dengan hangat,a_none,73.0,71.0,78.0,70.0,70.0,73.0,72.85,Stable,,,,,,
2,Baseline,Hari biasa tanpa kejadian khusus,a_none,72.0,71.0,77.0,69.0,69.0,73.0,72.14,Stable,,,,,,
3,Baseline,Badan terasa lemah,a_none,70.0,71.0,77.0,69.0,67.0,67.0,70.54,Stable,,,,,,
4,Baseline,Cucu mengirim foto kegiatan sekolah,a_none,74.0,71.0,83.0,71.0,67.0,69.0,73.24,Stable,,,,,,
5,Baseline,Cucu mengirim foto kegiatan sekolah,a_none,78.0,71.0,89.0,73.0,67.0,71.0,75.94,Stable,,,,,,
6,Baseline,Anak tidak menelepon hari ini,a_none,76.0,71.0,83.0,73.0,67.0,68.0,73.85,Stable,,,,,,
7,Baseline,Anak menelepon dengan hangat,a_none,79.0,72.0,91.0,73.0,67.0,71.0,76.7,Stable,,,,,,
8,Baseline,Konflik kecil dengan anak,a_none,76.0,70.0,84.0,73.0,67.0,67.0,73.76,Stable,,,,,,
9,Baseline,Anak menelepon dengan hangat,a_none,79.0,71.0,92.0,73.0,67.0,70.0,76.61,Stable,,,,,,
10,Baseline,Mengenang pasangan yang telah meninggal,a_none,76.0,67.0,88.0,73.0,67.0,64.0,73.69,Stable,,,,,,
11,Baseline,Diminta memberi nasihat oleh cucu,a_none,79.0,67.0,92.0,81.0,67.0,66.0,76.73,Stable,,,,,,
12,Baseline,Hari biasa tanpa kejadian khusus,a_none,78.0,67.0,91.0,80.0,66.0,66.0,76.02,Stable,,,,,,
13,Baseline,Hari biasa tanpa kejadian khusus,a_none,77.0,67.0,90.0,79.0,65.0,66.0,75.31,Stable,,,,,,
14,Baseline,Anak menelepon dengan hangat,a_none,80.0,68.0,98.0,79.0,65.0,69.0,78.16,Stable,,,,,,
15,Baseline,Cucu mengirim foto kegiatan sekolah,a_none,84.0,68.0,100.0,81.0,65.0,71.0,80.06,Stable,,,,,,
16,Baseline,Cucu mengirim foto kegiatan sekolah,a_none,88.0,68.0,100.0,83.0,65.0,73.0,81.56,Stable,,,,,,
17,Baseline,Konflik kecil dengan anak,a_none,85.0,66.0,93.0,83.0,65.0,69.0,78.62,Stable,,,,,,
18,Baseline,Mengenang pasangan yang telah meninggal,a_none,82.0,62.0,89.0,83.0,65.0,63.0,75.7,Stable,,,,,,
19,Baseline,Hari biasa tanpa kejadian khusus,a_none,81.0,62.0,88.0,82.0,64.0,63.0,74.99,Stable,,,,,,
20,Baseline,Konflik kecil dengan anak,a_none,78.0,60.0,81.0,82.0,64.0,59.0,72.05,Stable,,,,,,
21,Baseline,Cucu mengirim foto kegiatan sekolah,a_none,82.0,60.0,87.0,84.0,64.0,61.0,74.75,Stable,,,,,,
22,Baseline,Konflik kecil dengan anak,a_none,79.0,58.0,80.0,84.0,64.0,57.0,71.81,Stable,,,,,,
23,Baseline,Diminta memberi nasihat oleh cucu,a_none,82.0,58.0,84.0,92.0,64.0,59.0,74.85,Stable,,,,,,
24,Baseline,Cucu mengirim foto kegiatan sekolah,a_none,86.0,58.0,90.0,94.0,64.0,61.0,77.55,Stable,,,,,,
25,Baseline,Mendapat undangan kegiatan komunitas,a_none,86.0,58.0,92.0,96.0,70.0,61.0,79.05,Stable,,,,,,
26,Baseline,Mengenang pasangan yang telah meninggal,a_none,83.0,54.0,88.0,96.0,70.0,55.0,76.13,Stable,,,,,,
27,Baseline,Badan terasa lemah,a_none,81.0,54.0,88.0,96.0,68.0,49.0,74.53,Stable,,,,,,
28,Baseline,Hari biasa tanpa kejadian khusus,a_none,80.0,54.0,87.0,95.0,67.0,49.0,73.82,Stable,,,,,,
29,Baseline,Anak tidak menelepon hari ini,a_none,78.0,54.0,81.0,95.0,67.0,46.0,71.73,Stable,,,,,,
30,Baseline,Diminta memberi nasihat oleh cucu,a_none,81.0,54.0,85.0,100.0,67.0,48.0,74.29,Stable,,,,,,
1,Story Only,Anak menelepon dengan hangat,a_none,76.0,71.0,78.0,70.0,70.0,74.0,73.66,Stable,,,,,,
2,Story Only,Hari biasa tanpa kejadian khusus,a_none,78.0,71.0,77.0,69.0,69.0,75.0,73.76,Stable,,,,,,
3,Story Only,Badan terasa lemah,a_none,79.0,71.0,77.0,69.0,67.0,70.0,72.97,Stable,,,,,,
4,Story Only,Cucu mengirim foto kegiatan sekolah,a_none,86.0,71.0,83.0,71.0,67.0,73.0,76.48,Stable,,,,,,
5,Story Only,Cucu mengirim foto kegiatan sekolah,a_none,93.0,71.0,89.0,73.0,67.0,76.0,79.99,Stable,,,,,,
6,Story Only,Anak tidak menelepon hari ini,a_none,94.0,71.0,83.0,73.0,67.0,74.0,78.71,Stable,,,,,,
7,Story Only,Anak menelepon dengan hangat,a_none,100.0,72.0,91.0,73.0,67.0,78.0,82.37,Stable,,,,,,
8,Story Only,Konflik kecil dengan anak,a_none,100.0,70.0,84.0,73.0,67.0,75.0,80.24,Stable,,,,,,
9,Story Only,Anak menelepon dengan hangat,a_none,100.0,71.0,92.0,73.0,67.0,79.0,82.58,Stable,,,,,,
10,Story Only,Mengenang pasangan yang telah meninggal,a_none,100.0,67.0,88.0,73.0,67.0,74.0,80.47,Stable,,,,,,
11,Story Only,Diminta memberi nasihat oleh cucu,a_none,100.0,67.0,92.0,81.0,67.0,77.0,83.0,Stable,,,,,,
12,Story Only,Hari biasa tanpa kejadian khusus,a_none,100.0,67.0,91.0,80.0,66.0,78.0,82.66,Stable,,,,,,
13,Story Only,Hari biasa tanpa kejadian khusus,a_none,100.0,67.0,90.0,79.0,65.0,79.0,82.32,Stable,,,,,,
14,Story Only,Anak menelepon dengan hangat,a_none,100.0,68.0,98.0,79.0,65.0,83.0,84.66,Stable,,,,,,
15,Story Only,Cucu mengirim foto kegiatan sekolah,a_none,100.0,68.0,100.0,81.0,65.0,86.0,85.83,Flourishing,,,,,,
16,Story Only,Cucu mengirim foto kegiatan sekolah,a_none,100.0,68.0,100.0,83.0,65.0,89.0,86.6,Flourishing,,,,,,
17,Story Only,Konflik kecil dengan anak,a_none,100.0,66.0,93.0,83.0,65.0,86.0,84.47,Stable,,,,,,
18,Story Only,Mengenang pasangan yang telah meninggal,a_none,100.0,62.0,89.0,83.0,65.0,81.0,82.36,Stable,,,,,,
19,Story Only,Hari biasa tanpa kejadian khusus,a_none,100.0,62.0,88.0,82.0,64.0,82.0,82.02,Stable,,,,,,
20,Story Only,Konflik kecil dengan anak,a_none,100.0,60.0,81.0,82.0,64.0,79.0,79.89,Stable,,,,,,
21,Story Only,Cucu mengirim foto kegiatan sekolah,a_none,100.0,60.0,87.0,84.0,64.0,82.0,81.86,Stable,,,,,,
22,Story Only,Konflik kecil dengan anak,a_none,100.0,58.0,80.0,84.0,64.0,79.0,79.73,Stable,,,,,,
23,Story Only,Diminta memberi nasihat oleh cucu,a_none,100.0,58.0,84.0,92.0,64.0,82.0,82.26,Stable,,,,,,
24,Story Only,Cucu mengirim foto kegiatan sekolah,a_none,100.0,58.0,90.0,94.0,64.0,85.0,84.23,Stable,,,,,,
25,Story Only,Mendapat undangan kegiatan komunitas,a_none,100.0,58.0,92.0,96.0,70.0,86.0,85.88,Flourishing,,,,,,
26,Story Only,Mengenang pasangan yang telah meninggal,a_none,100.0,54.0,88.0,96.0,70.0,81.0,83.77,Stable,,,,,,
27,Story Only,Badan terasa lemah,a_none,100.0,54.0,88.0,96.0,68.0,76.0,82.76,Stable,,,,,,
28,Story Only,Hari biasa tanpa kejadian khusus,a_none,100.0,54.0,87.0,95.0,67.0,77.0,82.42,Stable,,,,,,
29,Story Only,Anak tidak menelepon hari ini,a_none,100.0,54.0,81.0,95.0,67.0,75.0,80.92,Stable,,,,,,
30,Story Only,Diminta memberi nasihat oleh cucu,a_none,100.0,54.0,85.0,100.0,67.0,78.0,82.97,Stable,,,,,,
1,Story + Stimulus,Anak menelepon dengan hangat,a_rel,77.0,71.0,83.0,70.0,70.0,76.0,75.18,Stable,,,,,,
2,Story + Stimulus,Hari biasa tanpa kejadian khusus,a_nar,83.0,71.0,82.0,69.0,69.0,78.0,76.31,Stable,,,,,,
3,Story + Stimulus,Badan terasa lemah,a_prac,84.0,71.0,82.0,69.0,68.0,78.0,76.4,Stable,,,,,,
4,Story + Stimulus,Cucu mengirim foto kegiatan sekolah,a_nar,95.0,71.0,88.0,71.0,68.0,82.0,80.94,Stable,,,,,,
5,Story + Stimulus,Cucu mengirim foto kegiatan sekolah,a_nar,100.0,71.0,94.0,73.0,68.0,86.0,84.16,Stable,,,,,,
6,Story + Stimulus,Anak tidak menelepon hari ini,a_rel,100.0,71.0,93.0,73.0,68.0,86.0,83.96,Stable,,,,,,
7,Story + Stimulus,Anak menelepon dengan hangat,a_rel,100.0,72.0,100.0,73.0,68.0,92.0,86.4,Flourishing,,,,,,
8,Story + Stimulus,Konflik kecil dengan anak,a_rel,100.0,70.0,98.0,73.0,68.0,91.0,85.57,Flourishing,,,,,,
9,Story + Stimulus,Anak menelepon dengan hangat,a_rel,100.0,71.0,100.0,73.0,68.0,97.0,87.01,Flourishing,,,,,,
10,Story + Stimulus,Mengenang pasangan yang telah meninggal,a_spi,100.0,72.0,96.0,73.0,68.0,95.0,86.05,Flourishing,,,,,,
11,Story + Stimulus,Diminta memberi nasihat oleh cucu,a_con,100.0,72.0,100.0,87.0,68.0,98.0,89.54,Flourishing,,,,,,
12,Story + Stimulus,Hari biasa tanpa kejadian khusus,a_nar,100.0,72.0,99.0,86.0,67.0,100.0,89.35,Flourishing,,,,,,
13,Story + Stimulus,Hari biasa tanpa kejadian khusus,a_nar,100.0,72.0,98.0,85.0,66.0,100.0,88.86,Flourishing,,,,,,
14,Story + Stimulus,Anak menelepon dengan hangat,a_rel,100.0,73.0,100.0,85.0,66.0,100.0,89.4,Flourishing,,,,,,
15,Story + Stimulus,Cucu mengirim foto kegiatan sekolah,a_nar,100.0,73.0,100.0,87.0,66.0,100.0,89.72,Flourishing,,,,,,
16,Story + Stimulus,Cucu mengirim foto kegiatan sekolah,a_nar,100.0,73.0,100.0,89.0,66.0,100.0,90.04,Flourishing,,,,,,
17,Story + Stimulus,Konflik kecil dengan anak,a_rel,100.0,71.0,98.0,89.0,66.0,99.0,89.21,Flourishing,,,,,,
18,Story + Stimulus,Mengenang pasangan yang telah meninggal,a_spi,100.0,72.0,94.0,89.0,66.0,97.0,88.25,Flourishing,,,,,,
19,Story + Stimulus,Hari biasa tanpa kejadian khusus,a_nar,100.0,72.0,93.0,88.0,65.0,99.0,88.06,Flourishing,,,,,,
20,Story + Stimulus,Konflik kecil dengan anak,a_rel,100.0,70.0,91.0,88.0,65.0,98.0,87.23,Flourishing,,,,,,
21,Story + Stimulus,Cucu mengirim foto kegiatan sekolah,a_nar,100.0,70.0,97.0,90.0,65.0,100.0,89.05,Flourishing,,,,,,
22,Story + Stimulus,Konflik kecil dengan anak,a_rel,100.0,68.0,95.0,90.0,65.0,99.0,88.22,Flourishing,,,,,,
23,Story + Stimulus,Diminta memberi nasihat oleh cucu,a_con,100.0,68.0,100.0,100.0,65.0,100.0,90.97,Flourishing,,,,,,
24,Story + Stimulus,Cucu mengirim foto kegiatan sekolah,a_nar,100.0,68.0,100.0,100.0,65.0,100.0,90.97,Flourishing,,,,,,
25,Story + Stimulus,Mendapat undangan kegiatan komunitas,a_com,100.0,68.0,100.0,100.0,76.0,100.0,92.4,Flourishing,,,,,,
26,Story + Stimulus,Mengenang pasangan yang telah meninggal,a_spi,100.0,69.0,96.0,100.0,76.0,98.0,91.44,Flourishing,,,,,,
27,Story + Stimulus,Badan terasa lemah,a_prac,100.0,69.0,96.0,100.0,75.0,98.0,91.31,Flourishing,,,,,,
28,Story + Stimulus,Hari biasa tanpa kejadian khusus,a_nar,100.0,69.0,95.0,99.0,74.0,100.0,91.12,Flourishing,,,,,,
29,Story + Stimulus,Anak tidak menelepon hari ini,a_rel,100.0,69.0,94.0,99.0,74.0,100.0,90.92,Flourishing,,,,,,
30,Story + Stimulus,Diminta memberi nasihat oleh cucu,a_con,100.0,69.0,99.0,100.0,74.0,100.0,92.08,Flourishing,,,,,,
1,Full GRACE LLM,Anak menelepon dengan hangat,a_con,77.5,80.5,86.0,61.0,62.5,79.0,75.25,Stable,Ibu Maria,"JUDUL:
Suara Hangat di Tengah Senja

CERITA HARIAN:
Hari ini terasa sangat tenang, mungkin terlalu tenang. Kadang, saat rumah sepi, waktu terasa seperti membentang panjang, dan aku hanya duduk di kursi, merenungkan betapa cepatnya waktu berlalu. Aku sempat merasa sedikit kesepian, merindukan tawa riuh anak-anakku. Tiba-tiba, ponselku berdering. Itu suara anakku. Ketika dia menyapa dengan nada yang begitu hangat, seolah dia tahu persis apa yang aku butuhkan hari ini, hatiku langsung terasa hangat. Kami bercerita tentang hari masing-masing, dan aku mendengarkan suaranya yang penuh kasih. Rasanya seperti pelukan hangat yang datang dari kejauhan, mengingatkanku bahwa meskipun jarak memisahkan, ikatan keluarga ini tidak pernah putus.

MAKNA:
1. **Kasih Tak Terbatas:** Cinta keluarga adalah tali yang selalu menghubungkan kita, tidak peduli seberapa jauh jarak yang memisahkan.
2. **Kehadiran Ilahi:** Tuhan seringkali mengirimkan pengingat kasih dalam momen-momen sederhana, seperti panggilan telepon yang tepat waktu.
3. **Nilai Koneksi:** Penting untuk selalu menjaga jalur komunikasi agar rasa kesepian tidak mengambil alih hari-hari kita.

HERO JOURNEY TAGS:
Ordinary World: Merasa kesepian dan waktu yang terasa membentang panjang di rumah yang sepi.
Trial: Rasa rindu yang mendalam dan kekhawatiran akan ditinggalkan.
Guide: Suara hangat dari anak yang menelepon.
Courage: Berbagi cerita dan perasaan dengan anak, menerima kasih sayang itu.
Insight: Menyadari bahwa kasih sayang keluarga adalah sumber kekuatan yang nyata.
Return: Merasa damai, hangat, dan siap menghadapi hari dengan hati yang penuh syukur.

REKOMENDASI STIMULUS:
spiritual

CATATAN:
Peluang besar untuk memperkuat ikatan emosional. Dorong Ibu Maria untuk menjadwalkan waktu panggilan rutin dengan anak-anak, atau melakukan panggilan video singkat untuk melihat wajah mereka, bukan hanya mendengar suara mereka.","Kasih Keluarga, Kehadiran Ilahi, Koneksi Emosional","Kehangatan, Kedamaian, Rasa Syukur",Risiko kesepian jika komunikasi rutin terputus.,relasional
2,Full GRACE LLM,Cucu mengirim foto kegiatan sekolah,a_nar,85.75,85.25,92.5,64.0,60.25,85.5,80.2,Stable,Ibu Maria,"**JUDUL:**
Senyum Kecil di Layar Ponsel

**CERITA HARIAN:**
Pagi ini, saat sedang merapikan foto-foto lama di album, ponselku bergetar. Ternyata foto dari cucuku. Ia mengirimkan beberapa jepretan kegiatan sekolahnya hari ini—saat ia mewarnai, saat ia tertawa bersama teman-temannya. Aku duduk di kursi rotanku, menatap layar itu berulang kali. Rasanya seperti aku benar-benar ada di sana, mencium aroma krayon dan mendengar riuh tawanya.

Melihatnya tumbuh, belajar, dan berinteraksi dengan teman-teman membuat hati ini hangat sekali. Aku ingat dulu, saat ia masih sangat kecil, aku selalu membawanya ke taman. Waktu cepat sekali berlalu, ya? Meskipun jarak memisahkan kita, melihat foto-foto ini mengingatkanku bahwa ikatan kasih sayang itu tidak pernah pudar. Tuhan benar-benar menjaga keluarga kita.

**MAKNA:**
1. **Kasih Sayang Tak Terbatas Jarak:** Ikatan keluarga tidak hanya diukur dari kedekatan fisik, tetapi dari ingatan dan kasih yang selalu mengalir.
2. **Syukur atas Kehidupan:** Setiap momen pertumbuhan cucu adalah anugerah yang mengingatkan kita untuk selalu bersyukur atas berkah keluarga.
3. **Kekuatan Kenangan:** Kenangan dan cerita keluarga adalah jangkar yang menjaga hati tetap hangat, bahkan saat kita merasa sendirian.

**HERO JOURNEY TAGS:**
Ordinary World: Merasa sepi di rumah, merenungkan waktu yang berlalu.
Trial: Jarak fisik yang memisahkan dari cucu.
Guide: Foto-foto kegiatan sekolah yang tiba-tiba muncul di ponsel.
Courage: Mengingat dan merasakan kebahagiaan yang ditunjukkan cucu.
Insight: Kasih sayang dan kebersamaan dapat dirasakan melalui teknologi dan kenangan.
Return: Merasa hangat, terhubung, dan dipenuhi rasa syukur.

**REKOMENDASI STIMULUS:**
relasional

**CATATAN:**
Peluang: Menggunakan momen ini untuk membuat album fisik berisi foto-foto yang diterima, dan menuliskan pesan atau doa untuk cucu, sehingga koneksi emosional menjadi lebih nyata dan terstruktur.","Syukur, Ikatan Keluarga, Kenangan","Kehangatan, Nostalgia, Rasa Syukur","Risiko utama adalah perasaan kesepian/keterpisahan fisik, namun narasi berhasil mengatasinya dengan koneksi emosional.",relasional
3,Full GRACE LLM,Mengenang pasangan yang telah meninggal,a_com,86.38,86.62,88.75,69.0,64.12,85.25,81.04,Stable,Ibu Maria,"**JUDUL:**
Senandung Kenangan di Sudut Hati

**CERITA HARIAN:**
Ibu Maria duduk di kursi rotan kesayangannya, ditemani secangkir teh hangat dan sebuah bingkai foto usang. Senja itu, ia memandangi senyum almarhum suaminya. Ada rasa rindu yang lembut, seperti selimut yang menenangkan, bukan rasa sakit yang menusuk. Ia teringat bagaimana dulu ia dan suaminya sering berjalan di taman gereja, berbagi cerita dan tawa. Kenangan itu datang perlahan, seolah bisikan angin yang membawa aroma kenangan manis.

Ia tersenyum, menyadari bahwa kenangan itu bukanlah beban, melainkan harta yang selalu ia bawa. Ia menutup mata, dan dalam keheningan itu, ia merasakan damai. Ia berbisik doa, bukan hanya untuk suaminya, tetapi juga untuk dirinya sendiri, agar selalu kuat dalam iman, dan agar kasih yang ia terima dari keluarga—anak-anak dan cucu-cucunya—terus menjadi pelita yang menerangi hari-harinya.

**MAKNA:**
1. **Cinta Abadi:** Kenangan bukanlah tanda kehilangan, melainkan bukti bahwa cinta yang pernah ada begitu kuat dan abadi, melampaui batas waktu dan kematian.
2. **Iman sebagai Jangkar:** Dalam menghadapi kerinduan, iman dan doa menjadi jangkar yang menenangkan jiwa, mengingatkan bahwa kasih Tuhan selalu hadir.
3. **Warisan Kenangan:** Kisah hidup dan kenangan keluarga adalah warisan berharga yang harus dijaga, karena itu adalah cara kita tetap terhubung dengan orang yang kita cintai.

**HERO JOURNEY TAGS:**
Ordinary World: Kehidupan sehari-hari yang tenang, diiringi rutinitas dan kesendirian.
Trial: Menghadapi gelombang kerinduan dan kenangan akan pasangan yang telah tiada.
Guide: Iman dan doa yang menjadi penuntun untuk mengubah kesedihan menjadi kedamaian.
Courage: Mengakui dan menerima rasa rindu tanpa membiarkannya melumpuhkan hati.
Insight: Menyadari bahwa kenangan adalah sumber kekuatan, bukan sumber kesedihan.
Return: Kembali ke kedamaian hati, siap menjalani hari dengan hati yang penuh syukur.

**REKOMENDASI STIMULUS:**
Relasional / Spiritual

**CATATAN:**
**Peluang:** Momen ini adalah peluang emas untuk melibatkan cucu/anak dalam sesi ""Storytelling Memory Box"" (kotak kenangan). Ajak mereka untuk berbagi kenangan lucu tentang almarhum pasangan, sehingga Ibu Maria merasa dihargai dan tidak merasa sendirian.
**Risiko:** Risiko isolasi emosional. Pastikan ada interaksi yang terstruktur dan hangat dari anggota keluarga.","Cinta Abadi, Iman, Kenangan, Syukur","Rindu, Damai, Harapan",Risiko isolasi emosional; perlu interaksi keluarga terstruktur.,relasional
4,Full GRACE LLM,Cucu mengirim foto kegiatan sekolah,a_com,89.19,88.31,95.38,74.0,64.56,86.12,84.21,Stable,Ibu Maria,"**JUDUL:**
Senyum Kecil di Layar Ponsel

**CERITA HARIAN:**
Hari ini terasa begitu tenang, hanya ditemani suara azan dan secangkir teh hangat. Kadang, waktu terasa bergerak lambat, membuatku sesekali merenungkan betapa jauhnya jarak antara aku dan anak-cucu. Tiba-tiba, ponselku bergetar. Itu foto dari cucuku. Foto kegiatan sekolahnya. Aku melihatnya, dan seketika hati ini dipenuhi kehangatan yang tak terduga. Ia sedang tertawa, dikelilingi teman-temannya, tampak begitu ceria dan bersemangat.

Melihat foto itu, aku teringat betapa cepatnya waktu berlalu. Rasanya baru kemarin aku menggendongnya, dan kini ia sudah sebesar ini, penuh dengan semangat belajar. Aku tersenyum sendiri, merasakan kebahagiaan yang meluap-luap. Walau jarak memisahkan, kasih sayang itu tidak pernah berkurang, bahkan semakin kuat. Aku berjanji dalam hati, aku akan terus mendoakan agar ia selalu dilindungi dan bahagia dalam setiap langkahnya.

**MAKNA:**
1. **Kasih Sayang Tak Terbatas Jarak:** Cinta keluarga tidak mengenal batas fisik. Sebuah foto kecil mampu mengisi kekosongan hati dan mengingatkan kita bahwa kita selalu terhubung.
2. **Syukur atas Pertumbuhan:** Setiap momen yang kita lihat dari anak dan cucu adalah pengingat akan berkat waktu dan pertumbuhan yang harus disyukuri.
3. **Peran Abadi dalam Keluarga:** Meskipun peran kita mungkin berubah seiring waktu, peran kita sebagai sumber doa dan kenangan bagi keluarga tetap abadi.

**HERO JOURNEY TAGS:**
Ordinary World: Merenung dalam kesunyian, merasakan jarak dari keluarga.
Trial: Perasaan rindu dan kekosongan karena jarak.
Guide: Foto kegiatan sekolah dari cucu.
Courage: Merasakan kebanggaan dan kebahagiaan yang meluap-luap saat melihat perkembangan cucu.
Insight: Menyadari bahwa ikatan emosional jauh lebih kuat daripada jarak fisik.
Return: Merasa hangat, terhubung, dan dipenuhi harapan.

**REKOMENDASI STIMULUS:**
relasional

**CATATAN:**
**Peluang:** Gunakan momen ini untuk membuat ""Album Kenangan Digital"" bersama cucu. Minta cucu untuk mengirimkan foto-foto kegiatan sekolah, dan Ibu Maria bisa merespons dengan mengirimkan foto-foto kenangan masa kecil cucu (foto yang pernah diambil oleh anak/cucu saat masih kecil) untuk memperkuat ikatan emosional dan mengurangi rasa takut dilupakan.","Kasih Sayang Tak Terbatas Jarak, Syukur atas Pertumbuhan, Ikatan Emosional","Kehangatan, Kebanggaan, Rindu","Risiko isolasi fisik, namun sangat dimitigasi oleh koneksi digital dan spiritual.",relasional | praktis
5,Full GRACE LLM,Konflik kecil dengan anak,a_rel,84.09,88.16,86.69,72.0,62.28,85.56,80.63,Stable,Ibu Maria,"JUDUL:
Ketika Kata-Kata Menjadi Jarak

CERITA HARIAN:
Hari ini, hati Ibu Maria terasa sedikit berat. Ada perdebatan kecil dengan anak saya, tentang hal sepele yang sebenarnya. Saya hanya ingin dia tahu bahwa saya khawatir, bahwa saya ingin dia bahagia, tapi sepertinya kata-kata saya malah terdengar seperti tuduhan. Kami berpisah dengan suasana yang agak dingin. Saya duduk di kursi ruang tamu, memandangi foto-foto keluarga. Saya merasa sedih, bukan karena pertengkaran itu sendiri, tapi karena rasa takut bahwa kami semakin jauh. Saya ingat ajaran gereja: bahwa kasih harus selalu menjadi bahasa utama. Saya menutup mata, berdoa, memohon agar saya diberikan hati yang lebih sabar dan telinga yang lebih mau mendengar. Saya tahu, menjadi orang tua dan nenek itu bukan hanya tentang memberi nasihat, tapi juga tentang belajar menerima bahwa anak-anak kita akan selalu punya cara sendiri untuk menjadi dewasa.

MAKNA:
1. **Kasih yang Sabar:** Kasih sejati tidak selalu diucapkan dengan kata-kata sempurna, tetapi ditunjukkan melalui kesabaran dan kemauan untuk mendengarkan, bahkan ketika kita merasa benar.
2. **Komunikasi adalah Jembatan:** Konflik kecil adalah pengingat bahwa kita harus selalu berhati-hati dengan kata-kata kita. Kata-kata harus menjadi jembatan, bukan tembok.
3. **Menerima Ketidaksempurnaan:** Hubungan keluarga adalah perjalanan yang berliku. Menerima bahwa kita dan orang yang kita cintai tidak akan pernah sempurna adalah bagian dari kedewasaan hati.

HERO JOURNEY TAGS:
Ordinary World: Merasa nyaman dalam rutinitas keluarga, meskipun ada kerinduan yang terpendam.
Trial: Konflik verbal kecil dengan anak yang memicu rasa sakit hati dan kesalahpahaman.
Guide: Iman dan doa pribadi yang mengingatkan akan pentingnya kasih dan kesabaran.
Courage: Keberanian untuk mengakui bahwa ia mungkin juga salah, dan bahwa perasaan sedih itu valid.
Insight: Menyadari bahwa tujuan dari nasihat adalah kebahagiaan, bukan membuktikan siapa yang benar.
Return: Kedamaian batin setelah menerima bahwa hubungan membutuhkan usaha yang berkelanjutan dari kedua belah pihak.

REKOMENDASI STIMULUS:
relasional

CATATAN:
**Peluang:** Konflik ini adalah peluang emas untuk praktik pengampunan dan komunikasi non-defensif. Dorong Ibu Maria untuk menulis surat atau pesan singkat yang berisi permintaan maaf atas *cara* ia berbicara, bukan hanya atas *apa* yang ia katakan.
**Risiko:** Risiko menarik diri secara emosional (isolasi) karena merasa kecewa. Pastikan ia tetap terhubung dengan kegiatan gereja atau teman sebaya untuk memvalidasi perasaannya.","Kesabaran, Kasih tanpa syarat, Penerimaan","Sedih, Reflektif, Harapan",Risiko menarik diri secara emosional (isolasi) karena merasa kecewa. Penting untuk menjaga koneksi dengan komunitas.,relasional
6,Full GRACE LLM,Konflik kecil dengan anak,a_com,84.55,89.08,84.34,74.5,63.64,85.78,81.0,Stable,Ibu Maria,"**JUDUL:**
Jeda dan Doa Setelah Perdebatan Kecil

**CERITA HARIAN:**
Hari ini, ada sedikit gesekan dengan anakku. Bukan pertengkaran besar, hanya kata-kata yang terucap tanpa pikir panjang, seperti duri kecil yang menusuk hati. Aku merasa sedih, dan tiba-tiba rasa sepi itu datang lagi, mengingatkanku betapa aku merindukan masa-masa ketika kami selalu tertawa bersama. Aku duduk di kursi ruang tamu, memandangi foto-foto lama. Aku ingat bagaimana dulu aku selalu menasihati mereka, ingin yang terbaik. Aku menyadari bahwa mungkin aku terlalu banyak menuntut, terlalu fokus pada apa yang seharusnya mereka lakukan, sampai lupa bahwa mereka juga manusia dengan kelelahan dan tekanannya sendiri. Aku menarik napas panjang, lalu berlutut sejenak. Aku berdoa, bukan hanya untuk mereka, tapi untuk hatiku sendiri, agar bisa melihat situasi ini dengan mata kasih, bukan mata kekecewaan.

Setelah berdoa, aku memutuskan untuk tidak membiarkan kekecewaan ini menjadi tembok di antara kami. Aku tahu, kasih sayang tidak diukur dari kesempurnaan komunikasi, tapi dari kemauan untuk mencoba lagi. Aku akan menunggu waktu yang tepat, dan memulai dengan senyuman, bukan dengan kata-kata yang penuh tuntutan.

**MAKNA:**
1. **Kasih adalah Proses, Bukan Tujuan:** Hubungan keluarga adalah taman yang harus dirawat setiap hari. Konflik hanyalah gulma; yang penting adalah kesediaan untuk mencabutnya dan menanam kembali benih pengertian.
2. **Kekuatan Diri dalam Keheningan:** Ketika hati terasa sakit karena ditolak atau dikritik, tempat terbaik untuk mencari ketenangan adalah dalam doa dan refleksi diri.
3. **Memaafkan Diri Sendiri:** Jangan menyalahkan diri sendiri atas ketegangan yang terjadi. Kita semua manusia, dan kita semua berhak untuk belajar menjadi lebih sabar.

**HERO JOURNEY TAGS:**
Ordinary World: Kehidupan sehari-hari yang penuh dengan rutinitas dan cinta keluarga.
Trial: Konflik kecil dengan anak yang memicu rasa kecewa dan kesepian.
Guide: Iman dan doa yang mengingatkan Ibu Maria akan nilai kasih dan pengampunan.
Courage: Keberanian untuk mengakui bahwa ia mungkin juga salah dan perlu mengubah sudut pandang.
Insight: Menyadari bahwa anak-anaknya juga memiliki beban dan kelelahan sendiri.
Return: Keputusan untuk memulai komunikasi yang baru dengan kelembutan, bukan tuntutan.

**REKOMENDASI STIMULUS:**
relasional

**CATATAN:**
**Peluang:** Konflik ini adalah kesempatan emas untuk mempraktikkan *active listening* (mendengarkan secara aktif) dan empati, yang merupakan fondasi komunikasi yang sehat.
**Risiko:** Risiko utama adalah membiarkan rasa sedih dan kesepian mengisolasi diri, yang dapat memperpanjang konflik. Ingatkan Ibu Maria untuk selalu mencari *jembatan* komunikasi, sekecil apa pun itu.","Kasih adalah Proses, Bukan Tujuan, Kekuatan Diri dalam Keheningan, Memaafkan Diri Sendiri","Kesedihan, Refleksi, Harapan","Risiko utama adalah membiarkan rasa sedih dan kesepian mengisolasi diri, yang dapat memperpanjang konflik.",relasional
7,Full GRACE LLM,Cucu mengirim foto kegiatan sekolah,a_nar,93.27,78.54,91.17,82.25,61.82,87.39,84.06,Stable,Ibu Maria,"**JUDUL:**
Senyum Kecil di Foto Sekolah

**CERITA HARIAN:**
Pagi ini, saat Ibu Maria sedang merapikan foto-foto lama di album, ponselnya bergetar. Ternyata, cucunya mengirimkan foto dari kegiatan sekolah. Foto itu menunjukkan cucunya sedang tertawa bersama teman-teman, mengenakan seragam yang rapi, dan tampak begitu ceria. Jantung Ibu Maria berdesir hangat. Ia menatap foto itu lama sekali, seolah mencoba menyerap setiap senyum dan energi yang terpancar. Rasanya seperti waktu berputar mundur, kembali ke masa ketika ia masih menggendong cucunya yang mungil.

Melihat foto itu, Ibu Maria teringat betapa cepatnya waktu berlalu. Meskipun jarak memisahkan mereka, kasih sayang itu terasa begitu dekat, sehangat pelukan. Ia tersenyum, merasa bahwa peran sebagai nenek dan ibu tidak pernah lekang oleh waktu. Ia pun berencana untuk menceritakan kenangan masa kecil cucunya itu kepada anak-anaknya nanti, agar mereka tahu betapa berharganya setiap momen yang telah ia saksikan.

**MAKNA:**
1. **Kasih Sayang Tak Terbatas Jarak:** Cinta keluarga adalah benang emas yang tidak akan pernah putus, meskipun dipisahkan oleh jarak dan waktu.
2. **Nilai Kenangan:** Kenangan adalah harta yang paling berharga. Mengingat dan berbagi cerita masa lalu adalah cara kita menjaga ikatan keluarga tetap hidup.
3. **Tujuan Hidup:** Peran sebagai 'penjaga memori keluarga' memberikan makna dan tujuan yang mendalam dalam hidup.

**HERO JOURNEY TAGS:**
Ordinary World: Merasa sedikit kesepian di rumah, rutinitas harian yang tenang.
Trial: Jarak fisik yang memisahkan dari anak dan cucu.
Guide: Foto kegiatan sekolah yang tiba-tiba muncul di ponsel.
Courage: Mengingat dan merangkai kembali kenangan masa lalu untuk dibagikan.
Insight: Menyadari bahwa kebahagiaan dan koneksi tidak harus selalu fisik, ia bisa hadir dalam sebuah foto.
Return: Merasa hangat, penuh harapan, dan kembali merasa menjadi bagian penting dari kehidupan keluarga.

**REKOMENDASI STIMULUS:**
Relasional

**CATATAN:**
*Peluang:* Kejadian ini sangat positif dan meningkatkan rasa koneksi. Dorong Ibu Maria untuk melakukan panggilan video (video call) dengan cucunya, bukan hanya sekadar melihat foto.
*Risiko:* Perasaan rindu yang mendalam dapat memicu kesedihan jika koneksi tidak segera terjalin. Pastikan jadwal komunikasi rutin dengan keluarga.","Kasih Sayang, Kenangan, Ikatan Keluarga","Hangat, Harapan, Rindu",Maintain routine communication (video calls) to prevent deep sadness from distance.,relasional
8,Full GRACE LLM,Badan terasa lemah,a_com,89.64,85.27,85.09,64.62,63.91,85.7,80.18,Stable,Ibu Maria,"**JUDUL:**
Pelukan Kenangan di Tengah Kelemahan

**CERITA HARIAN:**
Pagi ini, Ibu Maria bangun dengan perasaan badan yang terasa sangat lemah. Setiap gerakan kecil terasa berat, dan ia harus duduk di kursi selama beberapa saat hanya untuk menatap jendela. Rasa lelah itu membuatnya sedikit melankolis, mengingatkannya betapa jauhnya anak-anaknya dan betapa rapuhnya tubuh ini. Ia sempat merasa sedikit takut, takut jika kelemahannya ini berarti ia akan semakin sendirian. Namun, saat ia duduk di kursi dekat altar kecilnya, ia teringat akan sebuah foto lama—foto dirinya bersama cucu-cucunya saat perayaan Natal. Ia memejamkan mata, dan alih-alih merasakan kelemahan, ia justru merasakan gelombang kehangatan yang luar biasa. Ia mulai berdoa, bukan hanya meminta kekuatan fisik, tetapi meminta kekuatan untuk terus mengingat dan merayakan kasih yang telah ia terima.

Kehangatan dari kenangan itu perlahan menyelimuti rasa lelahnya. Ia menyadari bahwa meskipun tubuhnya mungkin sedang beristirahat dan rapuh, jiwanya masih penuh dengan kisah-kisah cinta dan iman. Ia tersenyum kecil. Kekuatan sejati bukanlah pada otot yang kuat, melainkan pada hati yang selalu mengingat dan berdoa.

**MAKNA:**
1. **Kekuatan dalam Kerentanan:** Kelemahan fisik bukanlah akhir dari nilai diri. Kekuatan sejati Ibu Maria terletak pada imannya dan ingatan akan kasih keluarga.
2. **Memori sebagai Penopang:** Kenangan indah adalah sumber energi spiritual yang tak pernah habis, mampu menenangkan rasa kesepian dan ketakutan.
3. **Iman adalah Pelukan:** Dalam setiap kelemahan, ada ruang bagi Tuhan untuk memberikan kedamaian dan mengingatkan bahwa ia tidak pernah sendiri.

**HERO JOURNEY TAGS:**
Ordinary World: Rutinitas pagi di rumah, merawat diri.
Trial: Merasakan kelemahan fisik yang membuat hati sedikit melankolis dan takut.
Guide: Mengingat foto keluarga dan mempraktikkan doa.
Courage: Menerima kelemahan tubuh dan tetap menjalani rutinitas spiritualnya.
Insight: Menyadari bahwa kekuatan sejati berasal dari hati dan iman, bukan fisik.
Return: Merasa damai dan hangat karena koneksi dengan kenangan dan Tuhan.

**REKOMENDASI STIMULUS:**
spiritual

**CATATAN:**
*   **Risiko:** Tingkat kelelahan fisik yang tinggi dapat memicu perasaan kesepian dan kecemasan.
*   **Peluang:** Dorong Ibu Maria untuk melakukan aktivitas memori (melihat album foto, mendengarkan lagu lama) yang dikombinasikan dengan doa, untuk mengalihkan fokus dari kelemahan fisik ke kekayaan emosional dan spiritualnya.","Faith, Memory, Love","Melancholy, Peace, Warmth",Tingkat kelelahan fisik yang tinggi dapat memicu perasaan kesepian dan kecemasan.,spiritual
9,Full GRACE LLM,Hari biasa tanpa kejadian khusus,a_com,88.32,88.63,81.54,61.81,62.46,85.35,78.96,Stable,Ibu Maria,"JUDUL:
Senandung Pagi dan Kenangan yang Hangat

CERITA HARIAN:
Pagi ini terasa begitu tenang. Setelah menyelesaikan doa pagi, saya duduk di kursi favorit saya, menyesap kopi hangat sambil melihat ke taman. Kadang, hari-hari yang tenang seperti ini membuat hati saya sedikit melankolis, merindukan tawa cucu-cucu dan obrolan anak-anak. Saya ingat bagaimana dulu, setiap pagi selalu ramai dengan suara langkah kaki dan teriakan mereka. Namun, saya juga teringat akan ajaran iman saya: bahwa kasih Tuhan selalu hadir, bahkan di keheningan. Saya memutuskan untuk menghabiskan waktu ini dengan merangkai kenangan indah, mengingat cerita-cerita masa lalu yang selalu membuat saya tersenyum, seolah-olah mereka masih ada di sini bersama saya.

Saat saya merenung, saya menyadari bahwa keheningan ini bukanlah kekosongan, melainkan ruang yang diberikan Tuhan untuk saya berdialog dengan diri sendiri dan dengan Dia. Saya berterima kasih atas setiap napas dan setiap kenangan yang masih saya genggam. Hari ini, saya belajar bahwa kebahagiaan tidak selalu harus diisi dengan keramaian, tetapi bisa ditemukan dalam kedamaian hati yang bersyukur.

MAKNA:
1. **Kehadiran dalam Keheningan:** Keheningan bukanlah ketiadaan, melainkan ruang suci untuk mendengar suara hati dan suara Tuhan.
2. **Kekuatan Kenangan:** Kenangan adalah harta yang tak ternilai. Mereka adalah bukti nyata dari kasih dan kesetiaan yang telah kita terima.
3. **Syukur Harian:** Rasa syukur atas hal-hal kecil—seperti secangkir kopi hangat atau sinar matahari pagi—adalah cara terbaik untuk melawan rasa sepi.

HERO JOURNEY TAGS:
Ordinary World: Rutinitas pagi yang tenang dan damai di rumah.
Trial: Rasa rindu dan kesepian yang muncul saat hari terasa terlalu sepi.
Guide: Iman dan doa yang menjadi jangkar emosional.
Courage: Keberanian untuk menerima dan menikmati keheningan tanpa merasa hampa.
Insight: Menemukan kedamaian dan keindahan dalam rutinitas yang sederhana.
Return: Rasa damai dan syukur yang mengisi hati.

REKOMENDASI STIMULUS:
spiritual

CATATAN:
Risiko: Potensi isolasi emosional karena hari yang terlalu tenang. Peluang: Memperkuat praktik spiritual dan koneksi dengan nilai-nilai iman. Dorong Ibu Maria untuk membuat jurnal kenangan atau menulis surat kepada anak/cucu sebagai cara aktif mengatasi rasa rindu.","Syukur, Kedamaian, Kenangan","Melankolis, Rindu, Damai","Risiko potensi isolasi emosional, namun narasi ini menunjukkan kemampuan kuat untuk mengubah kesepian menjadi ruang refleksi spiritual.",spiritual
10,Full GRACE LLM,Anak tidak menelepon hari ini,a_rel,88.16,90.32,78.77,68.41,60.23,88.17,79.79,Stable,Ibu Maria,"**JUDUL:**
Kehangatan di Balik Keheningan

**CERITA HARIAN:**
Pagi ini, Ibu Maria memulai hari dengan rutinitasnya yang tenang. Setelah berdoa dan merapikan taman kecil, ia duduk di kursi favoritnya, menunggu bunyi dering telepon yang sudah menjadi bagian dari harapan hariannya. Ia membayangkan suara tawa cucu atau suara nasihat dari anak-anaknya. Ketika jam terus berjalan dan ponsel tetap sunyi, sedikit rasa hampa menyelimuti hatinya. Ia merasa sedikit sedih, seolah ada benang kasih yang tiba-tiba kendur. Namun, alih-alih membiarkan kesedihan itu menenggelamkannya, Ibu Maria menarik napas panjang. Ia teringat akan ajaran Gereja: bahwa kasih tidak hanya datang dari suara, tetapi juga dari kehadiran di hati. Ia kemudian mengambil buku resep lama, bukan untuk memasak, melainkan untuk membaca kembali catatan kenangan tentang masakan tangan almarhum suaminya, dan ia mulai mendoakan setiap anggota keluarganya, memohon agar mereka selalu dilindungi, di mana pun mereka berada.

**MAKNA:**
1. **Kasih yang Abadi:** Koneksi keluarga tidak selalu harus diukur dari panggilan telepon. Kasih yang sesungguhnya adalah energi yang selalu ada, bahkan saat kita merasa sendiri.
2. **Mengubah Kekosongan Menjadi Doa:** Ketika kita merasa kecewa karena ketiadaan, kita dapat mengubah energi emosi itu menjadi doa, menjadikannya jembatan spiritual yang menghubungkan kita dengan Yang Maha Kuasa dan keluarga.
3. **Nilai Diri:** Nilai diri Ibu Maria tidak ditentukan oleh seberapa sering ia dihubungi, melainkan oleh seberapa kuat ia menjaga iman dan rutinitasnya sendiri.

**HERO JOURNEY TAGS:**
Ordinary World: Menjalani rutinitas harian dengan harapan akan panggilan dari anak.
Trial: Menghadapi keheningan telepon yang memicu rasa sepi dan rindu.
Guide: Mengingat ajaran iman dan kekuatan doa sebagai sumber penghiburan.
Courage: Mengakui rasa sedih tanpa membiarkannya menguasai diri.
Insight: Menyadari bahwa koneksi spiritual dan kenangan adalah sumber kekuatan yang nyata.
Return: Menemukan kedamaian dan tujuan dalam momen saat ini.

**REKOMENDASI STIMULUS:**
Relasional

**CATATAN:**
*Risiko:* Tingkat kesepian tinggi hari ini. Perlu pengingat bahwa perasaan kecewa itu valid.
*Peluang:* Dorong Ibu Maria untuk melakukan panggilan video singkat (meski hanya untuk melihat) dengan satu anggota keluarga yang dekat, untuk menguatkan rasa koneksi secara fisik.","Faith, Reflection, Prayer","Sadness, Disappointment, Peace",High risk of loneliness/disappointment; needs validation of feelings.,spiritual
11,Full GRACE LLM,Diminta memberi nasihat oleh cucu,a_com,90.58,91.16,82.39,86.7,62.61,82.59,83.57,Stable,Ibu Maria,"**JUDUL:**
Jejak Nasihat di Senja Hari

**CERITA HARIAN:**
Sore ini, setelah menyelesaikan doa sore di kursi kesayangannya, Ibu Maria merasakan kehangatan yang berbeda. Cucu bungsunya, Risa, duduk di sampingnya dengan wajah sedikit murung. Risa bercerita tentang kesulitan memilih jurusan kuliah, merasa bingung antara mengikuti kata hati atau harapan orang lain. Ibu Maria mendengarkan dengan sabar, matanya memancarkan kehangatan yang sudah teruji waktu. Ia tidak langsung memberi jawaban, melainkan meminta Risa untuk mengingat momen-momen sulit yang pernah ia lalui.

Sambil merangkai kenangan, Ibu Maria bercerita tentang masa mudanya, tentang bagaimana ia harus membuat keputusan besar saat itu dengan keterbatasan informasi. Ia menasihati Risa bahwa hidup bukanlah tentang memilih jalur yang paling mudah, melainkan tentang memilih jalur yang paling sesuai dengan panggilan jiwa, didukung oleh doa dan keberanian. ""Nak, ingatlah selalu, Tuhan sudah menyiapkan yang terbaik. Tugas kita hanyalah mendengarkan hati kita sendiri, dan berani melangkah dengan iman,"" bisik Ibu Maria, membuat Risa tersenyum lega, seolah beban di pundaknya telah terangkat.

**MAKNA:**
1. **Kekuatan Nasihat:** Pengalaman hidup adalah harta yang tak ternilai. Dengan berbagi cerita, kita tidak hanya membantu orang lain, tetapi juga menegaskan nilai dan keberadaan diri kita sendiri.
2. **Iman sebagai Kompas:** Dalam menghadapi kebingungan hidup, selalu kembalikan hati pada nilai-nilai spiritual. Iman adalah jangkar yang menenangkan badai keraguan.
3. **Nilai Diri:** Kehadiran kita sangat berarti. Ketika kita dibutuhkan untuk membimbing orang lain, kita diingatkan bahwa kita masih memiliki peran penting dalam keluarga.

**HERO JOURNEY TAGS:**
Ordinary World: Menjalani rutinitas sore hari, berdoa, dan menikmati ketenangan di rumah.
Trial: Cucu menghadapi kebingungan besar dalam menentukan arah hidup (jurusan kuliah).
Guide: Pengalaman hidup Ibu Maria, nasihat yang bersumber dari iman dan kenangan keluarga.
Courage: Keberanian Ibu Maria untuk berbagi kebijaksanaan dan menasihati dengan tulus.
Insight: Kesadaran bahwa setiap keputusan besar harus didasari oleh hati nurani dan doa, bukan hanya tekanan eksternal.
Return: Rasa damai dan tujuan hidup yang kembali hadir melalui interaksi yang bermakna dengan cucu.

**REKOMENDASI STIMULUS:**
naratif

**CATATAN:**
**Peluang:** Interaksi hari ini sangat positif karena Ibu Maria berhasil menggunakan kekuatan 'mengingat cerita keluarga' untuk mengatasi kerentanan 'kesepian' dan 'rindu anak'.
**Risiko:** Perlu dipastikan bahwa kegiatan naratif selanjutnya tetap melibatkan interaksi langsung dengan anggota keluarga untuk menjaga rasa koneksi dan tujuan hidup.","kebijaksanaan, iman, peran keluarga","kehangatan, kedamaian, lega",Mempertahankan interaksi naratif yang berfokus pada peran mentor/pemberi nasihat untuk menjaga rasa tujuan hidup.,naratif
12,Full GRACE LLM,Badan terasa lemah,a_prac,89.29,92.08,78.69,65.85,65.31,87.29,80.39,Stable,Ibu Maria,"JUDUL:
Kekuatan yang Datang dari Doa

CERITA HARIAN:
Pagi ini, saat saya bangun, badan saya terasa sangat berat. Setiap gerakan kecil, seperti bangkit dari kursi atau berjalan ke dapur, terasa seperti mendaki bukit. Saya sempat merasa sedikit cemas, takut kalau hari ini saya tidak bisa melakukan banyak hal. Saya duduk di kursi favorit saya, memejamkan mata, dan mulai berdoa. Saya meminta kekuatan, bukan hanya untuk kaki saya, tetapi juga untuk hati saya agar tidak merasa sendirian.

Saat doa saya semakin dalam, tiba-tiba saya teringat kisah masa muda saya, saat dulu saya dan almarhum suami sering berjalan-jalan di taman gereja. Saya tersenyum, dan ingatan itu membawa kehangatan yang aneh, seolah-olah energi itu datang dari kenangan indah itu. Saya sadar, meskipun raga ini lemah, hati saya masih penuh dengan kasih dan kenangan yang kuat. Saya memutuskan untuk menghabiskan waktu dengan membaca kitab suci dan merenungkan betapa besar kasih Tuhan yang selalu menyertai, bahkan saat tubuh ini memberontak.

MAKNA:
1. Kekuatan sejati tidak selalu datang dari fisik, tetapi dari kedalaman iman dan ingatan akan kasih yang pernah diterima.
2. Menerima kelemahan fisik adalah bagian dari perjalanan hidup, dan itu adalah waktu yang tepat untuk mempercayakan beban kepada Tuhan.
3. Kenangan indah keluarga adalah sumber energi emosional yang tak pernah habis, menjadi pengingat akan makna hidup.

HERO JOURNEY TAGS:
Ordinary World: Merasakan kelemahan fisik di pagi hari, memulai hari dengan rasa cemas.
Trial: Rasa lelah dan berat di setiap gerakan tubuh.
Guide: Melakukan doa dan merenungkan kisah masa lalu.
Courage: Memilih untuk tetap duduk dan merenung, alih-alih menyerah pada rasa lelah.
Insight: Menyadari bahwa kekuatan batin (iman dan kenangan) lebih besar daripada kelemahan raga.
Return: Menemukan kedamaian dan kehangatan hati setelah berdoa dan merenung.

REKOMENDASI STIMULUS:
spiritual

CATATAN:
**Risiko:** Peningkatan risiko isolasi dan kecemasan karena kelemahan fisik.
**Peluang:** Menggunakan momen kelemahan ini untuk memperkuat koneksi spiritual. Dorong Ibu Maria untuk melakukan ritual spiritual sederhana (seperti doa atau membaca kitab suci) dan pertimbangkan untuk melakukan panggilan video singkat dengan salah satu cucunya untuk memperkuat rasa koneksi keluarga.","Faith, Memory, Inner Strength","Anxiety, Peace, Warmth",Peningkatan risiko isolasi dan kecemasan karena kelemahan fisik.,spiritual
13,Full GRACE LLM,Cucu mengirim foto kegiatan sekolah,a_nar,94.64,87.04,88.85,72.93,70.15,89.15,84.94,Stable,Ibu Maria,"JUDUL:
Senyum Kecil di Layar Ponsel

CERITA HARIAN:
Pagi ini terasa sedikit sepi. Setelah menyelesaikan doa pagi, saya duduk di kursi rotan, menatap ke luar jendela, merenungkan betapa cepat waktu berlalu. Tiba-tiba, ponsel saya bergetar. Ternyata foto dari cucu saya. Foto itu menunjukkan dia sedang tertawa riang di antara teman-teman sekolahnya, dikelilingi oleh warna-warni kegiatan belajar. Jantung saya berdesir hangat. Melihat senyumnya yang begitu ceria, saya langsung teringat masa-masa kecil saya dulu, dan juga teringat betapa berharga setiap momen kebersamaan keluarga. Meskipun jarak memisahkan, kehangatan itu seolah melintasi layar ponsel, membuat hati saya terasa penuh dan ringan.

Saya tersenyum sambil membalas pesan itu, menceritakan sedikit tentang kegiatan gereja hari ini. Melihat foto itu mengingatkan saya bahwa meskipun saya tinggal sendiri, saya tidak pernah benar-benar sendirian. Kasih sayang keluarga adalah benang emas yang selalu menghubungkan hati, tidak peduli seberapa jauh jarak yang memisahkan.

MAKNA:
1. **Kasih Sayang Tak Terbatas:** Cinta keluarga adalah kekuatan yang melampaui batas ruang dan waktu.
2. **Nilai Kehadiran:** Setiap momen, sekecil apa pun, adalah pengingat bahwa kita dicintai dan diingat.
3. **Kekuatan Koneksi:** Teknologi modern dapat menjadi jembatan emosional yang menjaga ikatan keluarga tetap hangat.

HERO JOURNEY TAGS:
Ordinary World: Merasa sepi dan merindukan kehangatan keluarga yang jauh.
Trial: Perasaan rindu yang kadang membuat hati terasa hampa.
Guide: Foto kegiatan sekolah dari cucu.
Courage: Merespons foto itu dengan senyum dan energi positif.
Insight: Menyadari bahwa ikatan keluarga adalah sumber kekuatan yang abadi.
Return: Merasa hangat, dicintai, dan memiliki tujuan hari ini.

REKOMENDASI STIMULUS:
relasional

CATATAN:
**Peluang:** Interaksi digital yang positif dan hangat.
**Risiko:** Jangan biarkan momen kehangatan ini menjadi satu-satunya sumber stimulasi. Dorong interaksi yang lebih mendalam (misalnya, panggilan video yang melibatkan bercerita, bukan hanya melihat foto) untuk mengurangi risiko kesepian.","Kasih Sayang Tak Terbatas, Nilai Kehadiran, Kekuatan Koneksi","Hangat, Penuh, Ringan","Jangan biarkan momen kehangatan ini menjadi satu-satunya sumber stimulasi. Dorong interaksi yang lebih mendalam (misalnya, panggilan video yang melibatkan bercerita, bukan hanya melihat foto) untuk mengurangi risiko kesepian.",relasional
14,Full GRACE LLM,Menemukan foto lama saat masih bekerja,a_nar,98.0,89.52,81.92,72.46,62.58,88.07,83.42,Stable,Ibu Maria,"**JUDUL:**
Jejak Senyum di Foto Lama

**CERITA HARIAN:**
Sore ini, saat merapikan sudut lemari yang sudah lama tak tersentuh, Ibu Maria menemukan sebuah kotak kayu berdebu. Di dalamnya, tersimpan tumpukan foto-foto lama. Foto-foto itu bukan hanya dirinya, melainkan dirinya yang dulu—dirinya saat masih muda, penuh semangat, dan sibuk dengan pekerjaan. Ia melihat dirinya tertawa bersama rekan-rekan kerja, tangannya sibuk dengan tugas, matanya memancarkan energi yang berbeda dari hari-hari ini.

Ada rasa haru yang bercampur sedikit melankolis. Ia teringat betapa cepatnya waktu berlalu, betapa banyak peran yang telah ia jalani, dari seorang pekerja keras hingga menjadi seorang ibu dan nenek. Foto-foto itu mengingatkannya bahwa hidup adalah sebuah sungai yang terus mengalir, membawa dirinya dari satu babak ke babak berikutnya. Ia tersenyum, menerima bahwa meskipun peran dan lingkungan telah berubah, kasih dan iman yang ia pegang tetap sama kuatnya.

**MAKNA:**
1. **Nilai Diri yang Abadi:** Nilai diri kita tidak ditentukan oleh peran atau pekerjaan yang kita lakukan, melainkan oleh kasih dan iman yang kita bawa dalam setiap babak kehidupan.
2. **Perjalanan adalah Hadiah:** Setiap fase kehidupan, dari kesibukan di masa lalu hingga ketenangan di masa kini, adalah bagian penting yang membentuk kita menjadi pribadi yang utuh.
3. **Syukur atas Kenangan:** Kenangan adalah jangkar yang mengingatkan kita akan kekuatan dan ketahanan yang telah kita miliki, bahkan saat kita merasa rapuh.

**HERO JOURNEY TAGS:**
Ordinary World: Kehidupan sehari-hari yang tenang namun kadang diselimuti kesepian.
Trial: Menemukan foto lama yang memicu perbandingan antara diri yang dulu (aktif) dan diri yang sekarang (tenang/sendiri).
Guide: Kenangan akan peran-peran yang telah dijalani, serta nilai iman yang selalu menuntun.
Courage: Keberanian untuk menerima perubahan waktu dan menerima diri sendiri di fase kehidupan saat ini.
Insight: Menyadari bahwa kekuatan sejati bukanlah pada kesibukan, melainkan pada ketenangan hati dan ingatan akan kasih.
Return: Kembali merasa damai dan bersyukur atas perjalanan hidup yang telah dilalui.

**REKOMENDASI STIMULUS:**
Relasional

**CATATAN:**
*   **Peluang:** Pengalaman ini menunjukkan bahwa Ibu Maria memiliki memori yang kuat dan kemampuan refleksi diri yang tinggi.
*   **Risiko:** Perlu diwaspadai risiko *melankoli* atau *perbandingan diri* yang berlebihan.
*   **Aksi:** Ajak Ibu Maria untuk menceritakan kisah di balik foto-foto tersebut kepada cucu atau anak-anaknya. Ini akan mengubah fokus dari ""apa yang hilang"" menjadi ""apa yang telah dicapai"" dan memperkuat ikatan relasional.","Acceptance, Faith, Gratitude","Melancholy, Peace, Reflection","Risk of excessive melancholy or self-comparison, but strong reflective capacity is evident.",relasional
15,Full GRACE LLM,Diminta memberi nasihat oleh cucu,a_con,96.0,90.76,88.96,93.23,67.29,88.54,88.56,Flourishing,Ibu Maria,"JUDUL:
Bisikan Nenek: Kekuatan dalam Kesabaran

CERITA HARIAN:
Sore itu, setelah membantu menyiram bunga di taman, cucu Ibu Maria, Risa, menghampirinya dengan wajah sedikit muram. Risa bercerita tentang kesulitan memilih jurusan kuliah dan rasa cemas akan masa depan. Ibu Maria duduk di kursi rotan, membiarkan Risa selesai bercerita tanpa menyela. Ia tidak langsung memberikan jawaban, melainkan hanya memegang tangan Risa dan menatapnya dengan mata penuh kasih. ""Nak, hidup ini seperti menanam benih. Ada saatnya kita harus sabar menunggu hujan, ada saatnya kita harus berani menyiramnya lagi,"" bisik Ibu Maria. Ia kemudian menceritakan kembali kisah masa mudanya, bagaimana ia belajar bahwa setiap jalan memiliki hikmahnya masing-masing, dan bahwa doa adalah benih terbaik yang selalu tumbuh.

Mendengar nasihat itu, Risa terdiam sejenak, lalu tersenyum lega. Ibu Maria merasakan kehangatan yang memenuhi hatinya. Bukan hanya karena Risa yang bahagia, tetapi karena ia menyadari bahwa kebijaksanaan yang ia miliki, yang ia simpan dalam doa dan kenangan, masih sangat berarti bagi generasi berikutnya. Ia merasa peran hidupnya sebagai penasihat dan penjaga cerita keluarga adalah anugerah yang harus disyukuri.

MAKNA:
1. **Kebijaksanaan adalah Warisan:** Pengalaman hidup, terutama yang diwarnai iman, adalah harta paling berharga yang dapat kita bagikan.
2. **Nilai Kesabaran:** Kehidupan seringkali menuntut kita untuk menunggu dan percaya pada waktu yang tepat, seperti menumbuhkan benih.
3. **Peran dalam Keluarga:** Meskipun merasa sendiri, kita memiliki peran penting sebagai sumber kekuatan dan petunjuk bagi orang-orang yang kita cintai.

HERO JOURNEY TAGS:
Ordinary World: Menikmati rutinitas sore hari di taman, merenungkan kedamaian.
Trial: Mendengar kegelisahan dan keraguan masa depan dari cucunya.
Guide: Menggunakan pengalaman hidup dan ajaran iman sebagai panduan.
Courage: Berani berbicara dan memberikan nasihat yang jujur dan penuh kasih.
Insight: Menyadari bahwa kebijaksanaan dirinya adalah sumber kekuatan dan makna hidupnya.
Return: Merasakan kepuasan dan kehangatan karena telah menjadi sumber cahaya bagi cucunya.

REKOMENDASI STIMULUS:
relasional

CATATAN:
**Peluang:** Interaksi hari ini berhasil mengatasi kerentanan ""takut dilupakan"" dengan memberikan rasa tujuan dan nilai diri yang tinggi.
**Risiko:** Perlu diingatkan untuk tetap menjaga aktivitas fisik ringan (seperti berjalan-jalan di taman) untuk menjaga energi dan *mood* positif.","Kebijaksanaan, Kesabaran, Iman, Warisan","Kehangatan, Kedamaian, Tujuan",Perlu diingatkan untuk tetap menjaga aktivitas fisik ringan (seperti berjalan-jalan di taman) untuk menjaga energi dan mood positif.,relasional
16,Full GRACE LLM,Menemukan foto lama saat masih bekerja,a_nar,99.0,87.88,88.48,89.62,71.14,92.27,89.21,Flourishing,Ibu Maria,"**JUDUL:**
Bingkai Waktu: Mengingat Semangat Dulu

**CERITA HARIAN:**
Pagi ini, saat merapikan lemari tua, jari saya menyentuh sebuah kotak kardus yang sudah lama terlupakan. Di dalamnya, tersimpan tumpukan foto-foto lama. Foto-foto itu bukan hanya saya, melainkan saya saat masih muda, saat saya bekerja di kantor. Saya melihat diri saya yang dulu—ramai, sibuk, penuh energi, dengan pakaian kerja yang rapi. Saya tersenyum tipis, mengingat betapa cepatnya waktu berlari. Rasanya seperti melihat seorang teman lama yang pernah saya tinggalkan di masa lalu.

Melihat foto-foto itu membuat saya merenung. Dulu, hidup saya berputar pada rutinitas pekerjaan, pada pencapaian. Sekarang, rutinitas saya berputar pada doa, pada cucu-cucu yang tertawa, dan pada kisah-kisah yang saya ceritakan. Saya menyadari, meskipun peran saya telah berubah—dari pekerja menjadi seorang nenek—semangat dan kasih sayang yang ada di dalam diri ini tidak pernah pudar. Semua pengalaman itu, semua tawa dan tantangan di masa lalu, telah membentuk saya menjadi Ibu Maria yang sekarang.

**MAKNA:**
1. **Nilai Diri yang Berkelanjutan:** Identitas kita tidak hilang hanya karena peran kita berubah. Setiap babak kehidupan, dari pekerja hingga nenek, adalah bagian penting dari siapa kita.
2. **Kekuatan Kenangan:** Kenangan bukan hanya tentang masa lalu, tetapi juga sumber kekuatan yang mengingatkan kita akan ketahanan dan semangat yang kita miliki.
3. **Kasih yang Berubah Bentuk:** Kasih sayang tidak hanya diukur dari kesibukan atau pencapaian, tetapi dari kehadiran dan cerita yang kita bagikan hari ini.

**HERO JOURNEY TAGS:**
Ordinary World: Kehidupan sehari-hari yang tenang, dihiasi rutinitas doa dan merawat keluarga.
Trial: Menemukan foto-foto lama yang memicu perbandingan antara diri yang dulu (aktif bekerja) dan diri yang sekarang (menanti).
Guide: Foto-foto lama itu sendiri, yang menjadi jembatan antara masa lalu dan masa kini.
Courage: Berani menerima bahwa peran hidup telah berubah, dan bahwa itu adalah bagian alami dari perjalanan.
Insight: Menyadari bahwa semua pengalaman hidup, baik yang profesional maupun keluarga, telah membentuk kebijaksanaan yang dimiliki saat ini.
Return: Merangkul diri yang sekarang, dengan bangga membawa semua kisah dan semangat masa lalu ke dalam peran sebagai seorang nenek dan anggota gereja.

**REKOMENDASI STIMULUS:**
naratif

**CATATAN:**
**Peluang:** Gunakan kisah ini untuk sesi bercerita (storytelling) dengan cucu-cucu. Minta cucu untuk bertanya tentang pekerjaan Ibu Maria dulu, sehingga ia merasa dihargai dan tidak dilupakan.
**Risiko:** Jangan biarkan refleksi ini berlarut-larut menjadi kesedihan atau perbandingan diri yang negatif. Arahkan fokus dari ""apa yang hilang"" menjadi ""apa yang masih ada dan berharga.""","Identitas adalah berkelanjutan, Penerimaan peran hidup, Kasih sayang dalam kehadiran","Refleksi, Nostalgia, Kedamaian",Arahkan fokus dari 'apa yang hilang' menjadi 'apa yang masih ada dan berharga' untuk mencegah kesedihan.,naratif | relasional | spiritual
17,Full GRACE LLM,Mengenang pasangan yang telah meninggal,a_spi,94.0,92.94,77.24,84.81,63.07,90.13,84.43,Stable,Ibu Maria,"JUDUL:
Senyum yang Tak Lekang dalam Ingatan

CERITA HARIAN:
Pagi ini, saat merapikan laci, mataku menangkap foto lama kita berdua. Senyummu, Mas, masih begitu jelas, seolah kau baru saja bercerita tentang hari yang menyenangkan. Seketika, aroma kopi dan suara tawamu memenuhi ruang kecil ini. Rasanya seperti waktu berhenti, dan aku kembali ke masa-masa kita yang penuh tawa dan janji. Ada rasa sesak di dada, tentu saja. Merindukanmu adalah hal yang wajar, seperti merindukan bagian dari diriku sendiri. Tapi di tengah kesedihan itu, ada kehangatan yang aneh. Aku menyadari bahwa kenanganmu bukan beban, melainkan harta yang selalu bisa kupegang. Kau mengajarkanku bahwa cinta sejati tidak pernah benar-benar pergi; ia hanya berubah bentuk, menjadi doa dan kekuatan yang menopangku setiap hari.

MAKNA:
1. **Cinta adalah Kenangan Abadi:** Cinta yang mendalam tidak terikat oleh waktu atau kematian. Ia hidup dalam kisah, tawa, dan pelajaran yang kita bawa.
2. **Menerima Siklus Kehidupan:** Kehilangan adalah bagian dari perjalanan hidup, namun kenangan yang kita miliki adalah hadiah yang harus kita syukuri.
3. **Iman sebagai Penopang:** Dalam setiap kerinduan, kita diajak untuk mempercayai bahwa kasih sayang yang kita berikan dan terima akan selalu dijaga oleh Yang Maha Kuasa.

HERO JOURNEY TAGS:
Ordinary World: Rutinitas pagi yang tenang, dihiasi tugas merapikan barang-barang lama.
Trial: Menemukan foto lama yang memicu gelombang kerinduan dan kesedihan mendalam.
Guide: Ingatan akan ajaran iman dan nilai-nilai keluarga yang diajarkan oleh pasangan.
Courage: Mengakui rasa sakit dan kerinduan tanpa membiarkannya melumpuhkan.
Insight: Menyadari bahwa kenangan adalah bentuk kasih yang abadi dan sumber kekuatan.
Return: Kembali ke kedamaian hati, membawa kedamaian yang bersumber dari penerimaan dan iman.

REKOMENDASI STIMULUS:
spiritual

CATATAN:
**Peluang:** Pengalaman ini memperkuat ikatan spiritual dan kemampuan Ibu Maria untuk memproses emosi melalui narasi.
**Risiko:** Perlu dipantau tanda-tanda depresi atau isolasi emosional setelah sesi refleksi yang intens. Dorong interaksi dengan cucu atau teman gereja untuk mengalihkan fokus dari kesedihan semata.","Acceptance, Gratitude, Faith","Kerinduan, Kesedihan, Kedamaian",Perlu dipantau tanda-tanda depresi atau isolasi emosional setelah sesi refleksi yang intens. Dorong interaksi dengan cucu atau teman gereja untuk mengalihkan fokus dari kesedihan semata.,spiritual
18,Full GRACE LLM,Hari biasa tanpa kejadian khusus,a_com,66.5,63.97,62.62,57.9,61.04,62.57,62.69,Vulnerability,Ibu Maria,"[ERROR_OLLAMA] Tidak dapat menghubungi Ollama: HTTPConnectionPool(host='100.112.221.112', port=11434): Max retries exceeded with url: /api/generate (Caused by ConnectTimeoutError(<HTTPConnection(host='100.112.221.112', port=11434) at 0x231ca2f85a0>, 'Connection to 100.112.221.112 timed out. (connect timeout=120)'))","Mundane, Neutrality","Apathy, Calm","Narrative is extremely sparse and lacks any emotional depth or specific details, suggesting potential emotional flatness or lack of immediate focus.",naratif | relasional | komunitas
19,Full GRACE LLM,Mendapat undangan kegiatan komunitas,a_com,77.25,77.98,79.31,73.45,82.02,72.78,77.11,Stable,Ibu Maria,"JUDUL:
Kehangatan Undangan Komunitas

CERITA HARIAN:
Pagi ini, saat saya sedang merapikan buku resep lama, sebuah amplop berwarna cerah mendarat di kotak surat. Itu adalah undangan untuk kegiatan komunitas gereja. Awalnya, saya merasa sedikit ragu. Sudah lama rasanya saya hanya berdiam di rumah, ditemani doa dan kenangan. Saya khawatir, apakah saya masih relevan? Apakah saya masih dibutuhkan? Namun, ketika saya melihat nama-nama yang tertera—nama-nama yang saya kenal, yang pernah menjadi bagian dari hidup saya—hati saya terasa hangat. Rasanya seperti ada tangan yang lembut menarik saya keluar dari cangkang kesendirian. Saya memutuskan untuk pergi.

Saat tiba di sana, saya disambut senyum dan obrolan yang ramai. Saya tidak perlu menjadi pusat perhatian; cukup dengan duduk, mendengarkan cerita-cerita orang lain, dan berbagi senyum, saya sudah merasa menjadi bagian dari sesuatu yang besar. Saya menyadari bahwa meskipun saya mungkin merasa sendirian di rumah, saya sebenarnya adalah bagian yang sangat berharga dari jalinan kasih ini.

MAKNA:
1. **Nilai Keberadaan:** Kehadiran kita bukan hanya untuk menerima, tetapi juga untuk memberi. Kita tetap dibutuhkan dan relevan dalam komunitas.
2. **Kasih yang Menjangkau:** Kasih tidak hanya datang dari darah, tetapi juga dari komunitas yang secara aktif mengajak kita untuk tetap terhubung.
3. **Iman dalam Komunitas:** Iman yang sejati tidak hanya diucapkan dalam doa pribadi, tetapi juga dihidupkan melalui interaksi dan dukungan sesama.

HERO JOURNEY TAGS:
Ordinary World: Merasa kesepian dan terisolasi di rumah, hanya ditemani kenangan.
Trial: Keraguan diri dan rasa takut bahwa dirinya sudah ""tertinggal"" dari hiruk pikuk kehidupan.
Guide: Undangan komunitas yang datang sebagai pengingat bahwa ia masih memiliki tempat.
Courage: Mengambil langkah keluar dari zona nyaman dan keraguan diri.
Insight: Menyadari bahwa nilai dirinya tidak berkurang meskipun ia tinggal sendiri; ia tetap berharga bagi komunitas.
Return: Merasa hangat, diterima, dan menjadi bagian aktif dari jalinan kasih.

REKOMENDASI STIMULUS:
komunitas

CATATAN:
Peluang besar untuk melawan rasa kesepian. Dorong Ibu Maria untuk tidak hanya menerima undangan, tetapi juga mengambil peran kecil (misalnya, menjadi pendengar cerita atau berbagi resep) agar rasa *purpose* (tujuan) dirinya kembali terisi.","Inherent Worth, Community Support","Warmth, Hope",Risk of withdrawing into isolation; focus on shifting the narrative from receiving care to actively contributing.,komunitas
20,Full GRACE LLM,Konflik kecil dengan anak,a_rel,82.12,83.99,83.66,72.73,70.01,81.39,79.5,Stable,Ibu Maria,"JUDUL:
Jeda di Meja Makan

CERITA HARIAN:
Pagi ini, suasana di meja makan terasa sedikit tegang. Saya hanya ingin mengingatkan anak saya tentang jadwal minum obat yang harus diatur ulang, tapi sepertinya dia merasa saya terlalu banyak mengatur. Kata-kata kami bertabrakan, dan saya merasakan tusukan kecil di hati. Saya tahu, saya hanya ingin yang terbaik, ingin dia sehat dan aman, seperti dulu. Saya menarik napas panjang, membiarkan keheningan yang canggung itu menyelimuti kami. Saya ingat ajaran Gereja, bahwa kasih harus selalu menjadi bahasa pertama, bahkan saat kita merasa paling benar. Saya memilih diam, hanya tersenyum tipis, dan membiarkan waktu yang menyelesaikan perdebatan itu.

Setelah dia pergi, saya duduk di kursi saya. Saya menyadari bahwa rasa khawatir saya, yang kadang berubah menjadi nasihat yang terlalu keras, mungkin justru menjadi beban baginya. Saya merangkai doa, bukan hanya untuk kesembuhan fisiknya, tetapi juga untuk hati kami berdua. Saya harus belajar untuk melepaskan kebutuhan saya untuk selalu ""benar,"" dan menerima bahwa kasih sejati kadang hanya membutuhkan keheningan dan pelukan, bukan kata-kata yang sempurna.

MAKNA:
1. **Kasih yang Sabar:** Kasih sejati tidak selalu diucapkan dengan kata-kata yang sempurna, tetapi seringkali ditunjukkan melalui kesabaran dan keheningan yang penuh pengertian.
2. **Melepaskan Kendali:** Kita harus belajar bahwa menjadi orang tua atau nenek yang baik berarti melepaskan kebutuhan untuk mengontrol, dan mempercayai bahwa anak-anak kita akan menemukan jalannya sendiri.
3. **Doa sebagai Jembatan:** Ketika komunikasi gagal, doa adalah jembatan yang selalu menghubungkan hati kita dengan kedamaian dan pengampunan.

HERO JOURNEY TAGS:
Ordinary World: Kehidupan rutin yang penuh kasih sayang dan perhatian terhadap keluarga.
Trial: Konflik kecil dengan anak, yang memicu rasa sakit hati dan kekhawatiran akan jarak.
Guide: Ingatan akan ajaran iman dan nilai kasih yang diajarkan Gereja.
Courage: Keberanian untuk menarik napas dan memilih diam, daripada melanjutkan perdebatan.
Insight: Menyadari bahwa kekhawatiran yang berlebihan bisa menjadi beban, dan bahwa keheningan kadang lebih bermakna daripada kata-kata.
Return: Kedamaian batin setelah memilih pengampunan dan melepaskan kebutuhan untuk selalu benar.

REKOMENDASI STIMULUS:
relasional

CATATAN:
Risiko: Peningkatan perasaan kesepian dan kesalahpahaman peran. Peluang: Menggunakan momen refleksi ini untuk menulis jurnal doa atau surat singkat kepada anak, bukan hanya dalam bentuk keluhan, melainkan ungkapan terima kasih atas keberadaan mereka.","Kasih yang Sabar, Melepaskan Kendali, Doa sebagai Jembatan","Kekhawatiran, Kekecewaan, Kedamaian",Peningkatan perasaan kesepian dan kesalahpahaman peran.,relasional
21,Full GRACE LLM,Diminta memberi nasihat oleh cucu,a_con,88.56,88.0,89.83,93.36,69.0,84.2,86.31,Flourishing,Ibu Maria,"JUDUL:
Bisikan Kebijaksanaan di Sore Hari

CERITA HARIAN:
Sore itu, setelah selesai berdoa di kursi rotan kesayangannya, Ibu Maria sedang menikmati ketenangan yang biasa menyertai waktu senja. Tiba-tiba, cucu bungsunya, Risa, duduk di sampingnya dengan wajah yang tampak sedikit cemas. Risa bercerita tentang dilema di sekolah—antara mengikuti kata hati atau mengikuti harapan orang lain. Ibu Maria mendengarkan dengan sabar, matanya memancarkan kehangatan yang sudah ditempa oleh waktu. Ia tidak langsung memberi jawaban, melainkan meminta Risa untuk mengingat satu hal: bahwa setiap langkah, sekecil apa pun, adalah anugerah. Ia kemudian bercerita tentang bagaimana Tuhan selalu menyertai mereka yang berani mengikuti panggilan hati, mengingatkan Risa bahwa keberanian sejati datang dari iman dan kasih.

Setelah bercerita, Ibu Maria memeluk Risa erat. Ia merasakan kehangatan yang memenuhi dadanya—bukan hanya kehangatan fisik, tetapi juga kehangatan tujuan. Mengetahui bahwa kebijaksanaannya masih dibutuhkan, meskipun ia sudah lanjut usia, adalah pengingat paling indah bahwa ia masih menjadi pilar bagi keluarga.

MAKNA:
1. **Nilai Diri yang Abadi:** Kebijaksanaan dan pengalaman hidup kita tidak pernah usang. Kita selalu memiliki peran untuk menjadi mercusuar bagi generasi berikutnya.
2. **Kekuatan Iman dalam Keputusan:** Dalam menghadapi dilema hidup, selalu ada kekuatan terbesar yang menuntun, yaitu iman dan keyakinan pada kasih sayang yang lebih besar.
3. **Keluarga sebagai Sumber Kekuatan:** Ikatan keluarga adalah sumber kasih dan dukungan yang tak pernah habis, menjadi pengingat bahwa kita tidak pernah benar-benar sendiri.

HERO JOURNEY TAGS:
Ordinary World: Menikmati rutinitas sore hari dan ketenangan setelah berdoa.
Trial: Mendengar dilema dan kecemasan yang dihadapi cucu.
Guide: Menggunakan pengalaman hidup, iman, dan kisah keluarga sebagai panduan.
Courage: Berani berbagi nasihat yang jujur dan mendalam, meskipun itu berarti membuka luka emosional tentang pilihan hidup.
Insight: Menyadari bahwa kebijaksanaan sejati bukan hanya tentang apa yang kita tahu, tetapi bagaimana kita mengaplikasikan iman dalam setiap nasihat.
Return: Merasa kembali memiliki tujuan dan peran yang sangat berarti dalam keluarga.

REKOMENDASI STIMULUS:
relasional

CATATAN:
Peluang besar untuk mengatasi kerentanan 'takut dilupakan'. Interaksi ini menegaskan bahwa Ibu Maria masih sangat relevan dan dibutuhkan. Dorong kegiatan berbagi cerita atau menjadi mentor bagi anggota keluarga yang lebih muda untuk memperkuat rasa tujuan hidupnya.","Kebijaksanaan, Iman","Ketenangan, Kepuasan",Mengatasi kerentanan 'takut dilupakan' melalui peran mentor dan pilar keluarga.,relasional
22,Full GRACE LLM,Konflik kecil dengan anak,a_rel,88.78,89.0,90.41,84.18,62.0,88.6,84.89,Stable,Ibu Maria,"**JUDUL:**
Jarak yang Diisi Doa

**CERITA HARIAN:**
Siang ini, telepon dari anakku terasa sedikit tegang. Kami membahas rencana keuangan keluarga, dan aku merasa usahaku untuk mengingatkan tentang kehati-hatianku dianggap sebagai ceramah, bukan nasihat seorang ibu. Aku menarik diri, membiarkan suara kekecewaan itu meredup. Rasanya seperti ada dinding tak terlihat yang mulai tumbuh di antara kami. Aku duduk di kursi kayu favoritku, memandang foto-foto lama di meja. Aku ingat betapa seringnya aku dulu merasa bahwa cintaku harus dibuktikan dengan kehadiran fisik. Hati ini memang seringkali terlalu banyak memberi, sampai lupa bahwa aku juga harus menerima, bahkan ketika penerimaan itu datang dalam bentuk ketidaksempurnaan.

Aku menutup mata, dan alih-alih meratapi perdebatan tadi, aku memilih untuk berdoa. Aku berdoa bukan agar anakku berubah, melainkan agar hatiku menjadi lebih lapang—lapang untuk menerima bahwa kasih sayang tidak selalu harus diucapkan dengan kata-kata yang sempurna. Aku menyadari, peran seorang ibu adalah menjadi jangkar, bukan menjadi pengontrol. Dan hari ini, jangkar itu harus belajar untuk sedikit melayang, agar tidak terlalu berat menahan semua ekspektasi.

**MAKNA:**
1. **Kasih yang Fleksibel:** Kasih sayang sejati tidak menuntut kesempurnaan atau kehadiran 24/7. Ia adalah penerimaan dalam bentuk apa adanya.
2. **Kekuatan dalam Keheningan:** Ketika komunikasi gagal, doa dan refleksi diri adalah cara terbaik untuk menenangkan hati dan menemukan kedamaian batin.
3. **Menerima Peran Baru:** Kehidupan mengajarkan bahwa kita harus belajar melepaskan peran 'pengontrol' dan merangkul peran 'pendukung' yang lebih tenang.

**HERO JOURNEY TAGS:**
Ordinary World: Menjalani rutinitas harian, merasa nyaman dengan peran sebagai ibu dan nenek.
Trial: Konflik kecil dengan anak yang membuat Ibu Maria merasa tidak didengar dan kecewa.
Guide: Ingatan akan ajaran iman dan kekuatan doa yang membantunya menenangkan emosi.
Courage: Berani menerima bahwa perasaannya tidak harus selalu menjadi prioritas utama dalam hubungan.
Insight: Menyadari bahwa kasih sayang harus datang dalam bentuk penerimaan, bukan tuntutan.
Return: Kembali ke kedamaian batin, siap untuk menghadapi hari esok dengan hati yang lebih lapang.

**REKOMENDASI STIMULUS:**
Relasional

**CATATAN:**
**Peluang:** Konflik ini adalah peluang emas untuk memperkuat batas emosional (boundaries). Ibu Maria perlu diajak berdiskusi tentang cara berkomunikasi yang sehat dengan anak, membedakan antara *nasihat* dan *intervensi*.
**Risiko:** Risiko utama adalah penarikan diri emosional (emotional withdrawal) atau merasa sedih berlebihan, yang dapat memicu rasa kesepian. Pastikan ada kegiatan yang mengalihkan fokusnya dari konflik tersebut.","Penerimaan, Fleksibilitas Kasih Sayang, Kedamaian Batin","Kekecewaan, Refleksi, Kedamaian",Emotional withdrawal or feeling overly sad due to conflict.,relasional
23,Full GRACE LLM,Mengenang pasangan yang telah meninggal,a_com,86.89,88.5,87.71,84.09,63.5,86.3,83.7,Stable,Ibu Maria,"**JUDUL:**
Senandung Kenangan di Sudut Hati

**CERITA HARIAN:**
Pagi ini, saat menata foto-foto lama di meja kayu, mata saya tertahan pada foto Bapak. Senyumnya masih begitu hangat, seolah waktu tak pernah benar-benar mengambilnya. Ada rasa rindu yang tiba-tiba menusuk, rindu yang membuat dada terasa sesak. Saya duduk di kursi favorit, membiarkan kenangan itu mengalir seperti sungai yang tenang. Saya ingat semua tawa, semua janji, dan semua pelajaran hidup yang pernah ia ajarkan. Rasanya seperti ada bagian dari diri saya yang ikut bersamanya. Namun, di tengah kesedihan itu, saya juga merasakan kehangatan. Kehangatan karena dia telah menjadi fondasi bagi keluarga ini, dan kehangatan karena Tuhan masih memberikan saya hari ini, untuk melanjutkan kisah cinta dan kasih yang dia mulai.

Saya menutup mata, dan saya berdoa. Saya berterima kasih atas setiap detik yang pernah kami miliki. Kenangan itu bukanlah beban, melainkan harta karun yang akan selalu saya simpan, pengingat bahwa kasih sejati tidak pernah mati, ia hanya berubah bentuk, menjadi doa dan kekuatan yang menopang langkah cucu-cucu saya.

**MAKNA:**
1. **Kasih Abadi:** Cinta sejati tidak dibatasi oleh waktu atau kematian. Kenangan adalah bukti bahwa ikatan hati itu kekal.
2. **Syukur dalam Kehilangan:** Mengubah rasa rindu yang menyakitkan menjadi rasa syukur atas waktu yang pernah diberikan.
3. **Iman sebagai Jangkar:** Dalam menghadapi kesepian dan kehilangan, iman adalah jangkar yang menenangkan jiwa, mengingatkan bahwa kita tidak pernah benar-benar sendirian.

**HERO JOURNEY TAGS:**
Ordinary World: Rutinitas pagi, merapikan kenangan.
Trial: Menghadapi gelombang rindu dan kesedihan atas kepergian pasangan.
Guide: Iman dan doa yang menenangkan hati.
Courage: Mengakui rasa sakit sambil memilih untuk bersyukur.
Insight: Memahami bahwa kenangan adalah kekuatan, bukan hanya luka.
Return: Menemukan kedamaian dan melanjutkan hidup dengan hati yang penuh syukur.

**REKOMENDASI STIMULUS:**
Spiritual

**CATATAN:**
*Peluang:* Ibu Maria menunjukkan kemampuan yang kuat dalam memproses emosi melalui kenangan dan iman. Ini adalah waktu yang tepat untuk memperkuat praktik spiritualnya.
*Risiko:* Perlu dipantau tanda-tanda kesepian yang mendalam. Dorong interaksi yang berfokus pada *berbagi cerita* (storytelling) untuk mengurangi rasa takut dilupakan.","Kasih Abadi, Syukur, Iman, Kenangan","Rindu, Kesedihan, Kedamaian, Syukur",Risiko kesepian emosional tinggi; perlu didorong untuk berbagi cerita di luar rumah.,spiritual
24,Full GRACE LLM,Menemukan foto lama saat masih bekerja,a_nar,95.45,88.25,81.35,90.05,68.25,87.65,86.05,Flourishing,Ibu Maria,"**JUDUL:**
Warna-Warni Kenangan di Kotak Tua

**CERITA HARIAN:**
Pagi ini, saat merapikan sudut lemari yang sudah lama tak tersentuh, tanganku menyentuh sebuah kotak kayu kecil. Isinya adalah foto-foto lama. Foto-foto itu bukan foto keluarga, melainkan foto-foto saat aku masih bekerja, saat aku masih aktif, saat aku masih menjadi seseorang yang punya peran besar di tempat orang banyak. Melihat seragam itu, melihat senyumku yang lebih muda, rasanya seperti bertemu dengan orang asing—diriku di masa lalu. Aku tersenyum tipis, bercampur rasa haru dan sedikit sedih. Aku ingat betapa sibuknya dulu, betapa bersemangatnya aku mengejar mimpi.

Aku duduk di kursi, memandangi wajah-wajah di foto itu. Rasanya waktu berjalan begitu cepat, membawa pergi banyak hal, termasuk masa-masa itu. Namun, saat aku memejamkan mata, aku tidak hanya melihat pekerjaan itu, tapi aku mengingat semua tawa, semua nasihat yang pernah kuberikan, dan semua tangan yang pernah kugenggam. Aku sadar, meskipun peran-peran itu sudah berganti, semua kenangan dan kasih yang pernah kurajut di sana, dan di rumah, adalah harta yang tak akan pernah pudar.

**MAKNA:**
1. **Nilai Diri Melampaui Peran:** Nilai diri Ibu Maria tidak ditentukan oleh pekerjaan atau peran sosialnya, melainkan oleh kasih dan kenangan yang ia tanamkan dalam hidup orang lain.
2. **Memori Sebagai Jembatan:** Kenangan masa lalu adalah pengingat bahwa setiap babak kehidupan memiliki keindahan dan pelajaran tersendiri, dan semua itu membentuk dirinya yang sekarang.
3. **Kasih yang Abadi:** Kasih yang telah diberikan—baik di tempat kerja maupun di rumah—adalah benang emas yang menghubungkan masa lalu, masa kini, dan masa depan.

**HERO JOURNEY TAGS:**
Ordinary World: Rutinitas hidup di rumah, dengan perasaan kesepian yang sesekali menyelimuti.
Trial: Menemukan foto-foto lama yang memicu perbandingan antara diri masa kini dan diri masa lalu.
Guide: Foto-foto tersebut, yang berfungsi sebagai cermin untuk refleksi diri.
Courage: Berani menerima dan merangkul perubahan waktu dan peran hidup.
Insight: Menyadari bahwa esensi dirinya (kasih dan iman) tetap utuh, terlepas dari peran profesionalnya.
Return: Merasa damai dan syukur atas seluruh perjalanan hidup yang telah dilalui.

**REKOMENDASI STIMULUS:**
Naratif (Mendorong Ibu Maria untuk menceritakan kembali kenangan spesifik dari foto-foto tersebut, misalnya, ""Siapa orang ini? Ceritakan padaku tentang hari itu."")

**CATATAN:**
**Peluang:** Pengalaman ini adalah peluang emas untuk memvalidasi peran Ibu Maria sebagai ""penjaga memori keluarga.""
**Risiko:** Risiko pemicu kesedihan mendalam atau perasaan tidak berguna.
**Intervensi:** Dorong Ibu Maria untuk menghubungkan kenangan masa lalu dengan orang-orang yang masih hidup (anak/cucu) agar perasaan *rindu anak* dan *takut dilupakan* teratasi dengan koneksi nyata.","Self-worth transcends role, Enduring love and memory, Gratitude for life journey","Nostalgia, Peace, Gratitude","Risk of triggering deep sadness or feeling useless, requiring redirection to current connections.",naratif
25,Full GRACE LLM,Anak menelepon dengan hangat,a_com,93.22,82.12,92.68,73.52,64.13,88.82,83.97,Stable,Ibu Maria,"**JUDUL:**
Suara Hangat di Ujung Telepon

**CERITA HARIAN:**
Hari ini terasa sangat tenang. Setelah sarapan, saya hanya duduk di kursi favorit sambil menikmati keheningan yang kadang terasa terlalu besar. Saya sempat berpikir, betapa jauhnya jarak ini, meskipun hanya dipisahkan oleh beberapa kilometer. Tiba-tiba, ponsel berdering. Itu suara anak saya. Saya langsung tersenyum lebar, seolah beban di dada saya terangkat seketika. Kami bercerita tentang hal-hal kecil—tentang cuaca, tentang cucu yang baru belajar berjalan, dan tentang kenangan masa lalu. Mendengar suara tawanya yang hangat, saya merasa seperti pelukan hangat yang datang tepat waktu. Rasanya, meskipun kami tidak bisa bertemu hari ini, kasih sayang itu tetap mengalir deras, melewati kabel-kabel tipis ini.

**MAKNA:**
1. **Kasih Sayang Tak Terbatas Jarak:** Hubungan keluarga sejati tidak dibatasi oleh jarak fisik atau waktu. Kasih sayang selalu menemukan cara untuk menjangkau kita.
2. **Kekuatan Koneksi:** Komunikasi, sekecil apa pun, adalah sumber energi spiritual dan emosional yang sangat penting, membantu kita merasa dilihat dan dicintai.
3. **Syukur atas Kehadiran:** Setiap panggilan, setiap pesan, adalah pengingat bahwa kita tidak pernah benar-benar sendirian.

**HERO JOURNEY TAGS:**
Ordinary World: Hari yang tenang dan sunyi, di mana kesepian mulai terasa.
Trial: Perasaan rindu dan jarak yang memisahkan dari keluarga.
Guide: Panggilan telepon dari anak yang datang tepat pada waktunya.
Courage: Keberanian untuk berbagi cerita dan perasaan dengan orang yang dicintai.
Insight: Menyadari bahwa koneksi emosional adalah kebutuhan yang sama pentingnya dengan kebutuhan fisik.
Return: Merasa hangat, dicintai, dan siap menghadapi hari dengan hati yang ringan.

**REKOMENDASI STIMULUS:**
relasional

**CATATAN:**
**Peluang:** Gunakan momen ini untuk meminta anak atau cucu menceritakan kembali kisah keluarga lama (misalnya, cerita tentang kakek/nenek mereka saat kecil). Ini akan memperkuat peran Ibu Maria sebagai penjaga memori keluarga dan meningkatkan rasa dihargai.
**Risiko:** Jangan biarkan komunikasi hanya bersifat pasif (mendengarkan). Dorong interaksi yang melibatkan suara dan emosi yang mendalam.","Kasih Sayang, Syukur, Koneksi Keluarga","Hangat, Rindu, Ketenangan",The narrative is very positive; ensure the focus remains on active sharing of memories rather than just passive listening.,relasional
26,Full GRACE LLM,Cucu mengirim foto kegiatan sekolah,a_nar,96.61,77.06,95.84,77.76,66.06,88.91,85.58,Flourishing,Ibu Maria,"**JUDUL:**
Senyum Kecil di Foto Sekolah

**CERITA HARIAN:**
Sore ini, saat sedang merapikan album foto lama, ponsel Ibu Maria bergetar. Itu adalah foto dari cucunya. Foto itu menunjukkan cucu-cucu sedang berkumpul di sekolah, tertawa riang sambil memegang hasil karya mereka. Seketika, hati Ibu Maria menghangat. Ia tersenyum lebar, namun di sudut hatinya, ada sedikit rasa rindu yang menusuk. Ia membayangkan betapa riuhnya suasana itu, betapa dekatnya mereka dulu saat ia masih bisa ikut bermain.

Sambil menatap foto itu berulang kali, Ibu Maria teringat bagaimana dulu ia selalu menceritakan kisah-kisah masa kecilnya di gereja, berharap anak-anaknya akan selalu ingat. Ia merasa bahwa meskipun jarak memisahkan, benang kasih sayang itu tidak pernah putus. Ia segera mengambil ponselnya, dan meskipun hanya berupa pesan suara singkat, ia ingin cucu-cucunya tahu bahwa ia bangga melihat setiap langkah kecil mereka.

**MAKNA:**
1. **Kasih Tak Terbatas Jarak:** Cinta keluarga adalah energi yang tidak mengenal batas ruang dan waktu. Kehangatan bisa dirasakan meski hanya melalui layar ponsel.
2. **Nilai Kenangan:** Kenangan dan cerita yang kita miliki adalah harta yang menghubungkan masa lalu, masa kini, dan masa depan keluarga.
3. **Kebanggaan Seorang Nenek:** Peran sebagai nenek adalah sumber kebahagiaan dan kebanggaan yang abadi, mengingatkan kita bahwa kita selalu menjadi bagian penting dari sejarah hidup mereka.

**HERO JOURNEY TAGS:**
Ordinary World: Merasa sepi dan merenungkan rutinitas harian.
Trial: Rasa rindu yang mendalam dan kekhawatiran akan ditinggalkan.
Guide: Foto kegiatan sekolah dari cucu.
Courage: Mengambil inisiatif untuk merespons dan berbagi kebanggaan.
Insight: Menyadari bahwa koneksi emosional lebih kuat daripada kehadiran fisik.
Return: Merasa hangat, dicintai, dan terhubung kembali dengan keluarga.

**REKOMENDASI STIMULUS:**
Relasional (Mendorong interaksi yang berfokus pada berbagi emosi dan kenangan dengan anggota keluarga).

**CATATAN:**
Peluang: Gunakan foto-foto digital sebagai pemicu untuk sesi bercerita (storytelling) yang lebih panjang dengan cucu/anak.
Risiko: Jangan biarkan interaksi digital hanya bersifat pasif (hanya melihat foto). Dorong interaksi yang melibatkan komunikasi suara atau video call agar rasa ""hadir"" lebih terasa.","Kasih Sayang, Kenangan, Kebanggaan, Koneksi","Rindu, Hangat, Bangga, Cinta","Dorong interaksi yang melibatkan komunikasi suara atau video call agar rasa 'hadir' lebih terasa, bukan hanya melihat foto.",relasional
27,Full GRACE LLM,Anak menelepon dengan hangat,a_rel,94.81,85.03,100.0,72.88,60.53,90.46,85.86,Flourishing,Ibu Maria,"**JUDUL:**
Suara yang Menghangatkan Hati

**CERITA HARIAN:**
Pagi ini, setelah menyelesaikan doa pagi dan merapikan taman kecil di depan rumah, Ibu Maria duduk di kursi rotan kesayangannya. Ada sedikit rasa sepi yang menyelimuti, rasa rindu yang selalu datang ketika rumah terasa terlalu sunyi. Tiba-tiba, ponsel berdering. Itu adalah suara anak sulungnya. ""Halo, Ma? Bagaimana kabarmu hari ini?"" Suara itu terdengar begitu hangat, seolah membawa aroma masakan rumahan dan tawa yang sudah lama dirindukan.

Percakapan itu mengalir ringan, dari cerita kecil tentang cucu yang sedang sekolah hingga kenangan masa muda. Ibu Maria mendengarkan setiap kata dengan penuh perhatian, dan ia menyadari betapa berharganya momen sederhana ini. Bukan hanya sekadar panggilan, melainkan pengingat bahwa ikatan keluarga itu kuat, tidak peduli seberapa jauh jarak memisahkan. Hati Ibu Maria terasa dipenuhi kehangatan, seolah semua kerinduan yang ia simpan semalam telah terobati oleh suara itu.

**MAKNA:**
1. **Kekuatan Ikatan Keluarga:** Jarak fisik tidak dapat memutus ikatan kasih sayang yang telah dibangun oleh doa dan kenangan.
2. **Nilai Komunikasi:** Suara dan percakapan adalah jembatan terbaik untuk melawan kesepian dan menjaga kedekatan emosional.
3. **Syukur dalam Iman:** Setiap panggilan telepon adalah anugerah yang mengingatkan Ibu Maria akan kasih setia Tuhan melalui keluarga.

**HERO JOURNEY TAGS:**
Ordinary World: Rutinitas pagi yang tenang, namun diselimuti rasa sepi.
Trial: Perasaan rindu yang mendalam dan kekhawatiran akan jarak.
Guide: Panggilan telepon yang tiba-tiba datang dari anak.
Courage: Keberanian untuk berbagi cerita dan emosi tanpa rasa takut dihakimi.
Insight: Menyadari bahwa kasih sayang itu selalu ada, hanya perlu dihubungkan.
Return: Kembali merasa hangat, dicintai, dan penuh harapan untuk hari-hari berikutnya.

**REKOMENDASI STIMULUS:**
relasional

**CATATAN:**
**Peluang:** Gunakan momen ini untuk mendorong Ibu Maria mengingat dan menceritakan kembali kisah-kisah keluarga (kekuatan: mengingat cerita keluarga) kepada anak/cucu saat menelepon, sehingga ia merasa dihargai sebagai penjaga memori keluarga.","Kekuatan Ikatan Keluarga, Syukur dalam Iman","Rindu, Kehangatan, Syukur","Risiko kesepian (loneliness) teridentifikasi, namun berhasil dimitigasi oleh koneksi keluarga.",relasional
28,Full GRACE LLM,Cucu mengirim foto kegiatan sekolah,a_nar,98.4,85.02,96.0,74.94,60.27,91.23,86.26,Flourishing,Ibu Maria,"JUDUL:
Senyum Kecil di Layar Ponsel

CERITA HARIAN:
Pagi ini, saat saya sedang menyiram bunga di taman, ponsel saya bergetar. Ternyata itu foto dari cucu saya. Foto kegiatan sekolahnya. Saya langsung duduk di kursi rotan, menatap layar itu berulang kali. Mereka terlihat begitu ramai, tertawa bersama, dan yang paling membuat hati saya hangat adalah senyumnya yang lebar saat sedang berinteraksi dengan teman-temannya. Rasanya seperti saya ada di sana, ikut tertawa bersama mereka. Jarak memang membuat saya rindu, tapi melihat foto ini mengingatkan saya bahwa meskipun saya tidak bisa berada di sana secara fisik, kasih sayang keluarga selalu menemukan cara untuk menjangkau saya.

Saya pun langsung membalas foto itu dengan beberapa pesan singkat dan doa. Saya merasa seperti mendapat suntikan energi yang hangat. Melihat perkembangan mereka, melihat mereka tumbuh menjadi anak-anak yang ceria dan pintar, membuat saya semakin yakin bahwa peran saya sebagai nenek dan ibu adalah sebuah anugerah yang harus saya syukuri.

MAKNA:
1. **Kasih Sayang Tak Terbatas Jarak:** Hubungan keluarga tidak mengenal batas ruang dan waktu. Sebuah foto sederhana bisa menjadi jembatan emosional yang sangat kuat.
2. **Syukur dalam Peran:** Menyadari bahwa peran sebagai nenek dan ibu adalah sumber kekuatan dan tujuan hidup yang tak ternilai harganya.
3. **Kehangatan dalam Detail:** Kebahagiaan seringkali ditemukan dalam momen-momen kecil yang dibagikan, seperti senyum di foto sekolah.

HERO JOURNEY TAGS:
Ordinary World: Merasa sedikit kesepian di rumah, rutinitas harian yang tenang.
Trial: Jarak fisik yang memisahkan dari hiruk pikuk kehidupan cucu.
Guide: Foto kegiatan sekolah yang tiba-tiba muncul di ponsel.
Courage: Menggunakan kekuatan doa dan ingatan untuk tetap terhubung secara emosional.
Insight: Menyadari bahwa cinta keluarga adalah sumber energi yang abadi, bahkan melalui teknologi.
Return: Merasa hangat, bersemangat, dan terhubung kembali dengan kebahagiaan keluarga.

REKOMENDASI STIMULUS:
relasional

CATATAN:
Peluang: Gunakan momen koneksi ini untuk merencanakan panggilan video yang lebih panjang atau merencanakan kunjungan fisik berikutnya. Fokus pada aktivitas yang melibatkan cerita keluarga (misalnya, meminta cucu menceritakan detail kegiatan di foto).","Kasih Sayang Tak Terbatas Jarak, Syukur dalam Peran, Kekuatan Doa","Kehangatan, Rindu, Syukur",Risiko isolasi emosional dapat dikurangi dengan memfasilitasi panggilan video yang lebih interaktif.,relasional
29,Full GRACE LLM,Diminta memberi nasihat oleh cucu,a_con,96.0,89.01,96.5,90.97,61.13,88.61,88.68,Flourishing,Ibu Maria,"**JUDUL:**
Benang Emas dari Nasihat Nenek

**CERITA HARIAN:**
Sore ini, setelah selesai berdoa di kursi kesayangan, cucu saya, Risa, menghampiri saya dengan wajah sedikit cemas. Ia bercerita tentang kesulitan yang ia hadapi di sekolah, tentang merasa bingung harus memilih jalan mana. Saya tersenyum, merasakan kehangatan yang selalu muncul saat peran saya sebagai penasihat dipanggil. Saya tidak langsung memberikan jawaban, melainkan meminta Risa untuk duduk di sebelah saya.

Saya kemudian bercerita tentang masa muda saya, tentang bagaimana dulu saya juga pernah merasa kehilangan arah, seperti sungai yang mencari muara. Saya mengingatkannya bahwa hidup itu seperti merajut benang, ada benang yang tebal (kekuatan) dan benang yang tipis (kerentanan). Yang penting adalah kesetiaan pada benang utama, yaitu kasih dan iman. Saya menasihatinya bahwa setiap langkah yang diambil, sekecil apa pun, adalah bagian dari rencana Tuhan. Melihat mata Risa yang mulai bersinar setelah mendengarkan kisah-kisah lama itu, hati saya terasa penuh. Saya sadar, menjadi nenek bukan hanya tentang mengingat masa lalu, tapi juga tentang menerangi masa depan mereka.

**MAKNA:**
1. **Warisan Bukan Hanya Kenangan:** Nilai diri kita tidak hanya terletak pada ingatan masa lalu, tetapi pada kebijaksanaan yang kita bagikan untuk menerangi jalan orang lain.
2. **Iman Sebagai Kompas:** Dalam setiap kebingungan hidup, peganglah iman sebagai kompas utama. Ia akan menuntun kita melalui benang-benang kesulitan.
3. **Kekuatan dalam Koneksi:** Kehadiran kita, sekecil apapun, adalah sumber kekuatan relasional yang sangat dibutuhkan oleh generasi berikutnya.

**HERO JOURNEY TAGS:**
Ordinary World: Menjalani rutinitas sore hari, menikmati ketenangan setelah berdoa.
Trial: Cucu datang dengan masalah dan kebingungan hidup.
Guide: Pengalaman hidup Ibu Maria dan keyakinan akan rencana Tuhan.
Courage: Keberanian untuk berbagi kisah pribadi yang rentan dan penuh makna.
Insight: Menyadari bahwa peran nenek adalah menjadi jembatan antara masa lalu yang bijaksana dan masa depan yang penuh harapan.
Return: Merasa dihargai dan menemukan tujuan hidup melalui pemberian nasihat.

**REKOMENDASI STIMULUS:**
relasional

**CATATAN:**
*Peluang:* Ibu Maria memiliki kesempatan emas untuk memperkuat peran dirinya sebagai sumber kebijaksanaan keluarga.
*Risiko:* Berhati-hati agar nasihat yang diberikan tidak terlalu berat secara emosional, sehingga tidak menimbulkan rasa sedih atau beban pada diri sendiri. Fokus pada pesan harapan dan kasih.","kebijaksanaan, iman, warisan","kehangatan, kepuasan","Berhati-hati agar nasihat yang diberikan tidak terlalu berat secara emosional, fokus pada pesan harapan dan kasih.",relasional
30,Full GRACE LLM,Mendapat undangan kegiatan komunitas,a_com,93.0,88.5,93.75,93.49,82.07,85.81,90.1,Flourishing,Ibu Maria,"**JUDUL:**
Sinar Undangan di Tengah Kesunyian

**CERITA HARIAN:**
Pagi ini terasa begitu tenang, mungkin terlalu tenang. Setelah merapikan altar kecil di sudut ruang tamu, saya duduk menikmati secangkir teh, ditemani keheningan yang kadang terasa seperti selimut tebal. Tiba-tiba, sebuah amplop berwarna krem mendarat di meja. Itu adalah undangan dari komunitas gereja. Jantung saya berdebar sedikit. Saya sempat berpikir, ""Apakah saya masih dibutuhkan?"" Keraguan itu selalu datang, mengingatkan saya akan usia dan kesendirian. Namun, saat saya membaca detail acaranya—pertemuan berbagi kisah dan doa—sebuah kehangatan kecil menyentuh dada. Rasanya seperti tangan yang lembut menyentuh bahu saya, mengingatkan bahwa meskipun saya telah melalui banyak musim, kisah saya masih berharga bagi orang lain.

Saya memutuskan untuk mengenakan gaun terbaik saya. Perjalanan menuju komunitas mungkin akan membuat kaki saya lelah, tetapi saya tahu, di sana ada tawa, ada doa bersama, dan mungkin, ada seseorang yang akan mendengarkan cerita lama saya tentang masa muda. Saya menyadari, bahwa menjadi seorang nenek dan ibu bukan hanya tentang kenangan yang saya simpan, tetapi tentang benang-benang kisah yang saya rajutkan untuk orang lain.

**MAKNA:**
1. **Nilai Kehadiran:** Kehadiran kita, terlepas dari usia, adalah berkah dan sumber kekuatan bagi komunitas.
2. **Kekuatan Komunitas:** Kita tidak harus menjalani hidup sendirian. Komunitas adalah tempat di mana kita diingatkan akan nilai dan tujuan hidup kita.
3. **Tujuan dalam Kisah:** Setiap pengalaman hidup, bahkan yang paling sunyi, adalah bagian dari kisah besar yang menunggu untuk dibagikan.

**HERO JOURNEY TAGS:**
Ordinary World: Rutinitas pagi yang tenang dan kesendirian.
Trial: Perasaan keraguan dan kesepian yang muncul saat menghadapi keheningan.
Guide: Undangan kegiatan komunitas yang tiba-tiba.
Courage: Keputusan untuk melangkah keluar dari zona nyaman dan menerima undangan tersebut.
Insight: Kesadaran bahwa nilai diri tidak ditentukan oleh kesibukan, tetapi oleh kemampuan untuk berbagi kisah dan kasih.
Return: Harapan akan koneksi, tawa, dan dukungan spiritual di komunitas.

**REKOMENDASI STIMULUS:**
Komunitas

**CATATAN:**
Peluang besar untuk melawan rasa kesepian dan menegaskan kembali peran sosial Ibu Maria. Dorong dia untuk berinteraksi dengan setidaknya satu orang baru dan berbagi satu cerita keluarga spesifik untuk memperkuat peran 'penasihat' dan 'pencerita' dirinya.","Nilai Kehadiran, Kekuatan Komunitas, Tujuan Hidup","Harapan, Antisipasi, Keberanian","Meskipun ada keraguan awal, narasi ini menunjukkan mekanisme koping yang kuat melalui penerimaan undangan dan persiapan untuk keluar dari zona nyaman.",komunitas
